{
  "format_version": "1.8.0",
  "minecraft:entity": {
    "description": {
      "identifier": "spiderman:globinc",
      "is_spawnable": true,
      "is_summonable": true,
      "is_experimental": false
    },
    "component_groups": {
			"minecraft:size": {
			"minecraft:scale": {
				"value": 1.0
			},
        "minecraft:timer": {
          "time": [ 3.0, 15.0 ],
          "looping": false,
          "time_down_event": {
            "event": "minecraft:shrink",
            "target": "self"
          }
       }
                  },
     			"minecraft:shrink": {
			"minecraft:scale": {
				"value": 1.0
			},
        "minecraft:timer": {
          "time": [ 3.0, 15.0 ],
          "looping": false,
          "time_down_event": {
            "event": "minecraft:size",
            "target": "self"
          }
       }
                  }
    },

    "components": {
      "minecraft:type_family": {
        "family": [ "monster" ]
      },
      "minecraft:breathable": {
        "totalSupply": 15,
        "suffocateTime": 0
      },
      "minecraft:collision_box": {
        "width": 0.6,
        "height": 1.8
      },
      "minecraft:fall_damage": {
        "value": 0.0
      },

      "minecraft:movement": {
        "value": 0.1
      },
      "minecraft:navigation.float": {
        "can_path_over_water": true
      },
      "minecraft:movement.basic": {
      },
      "minecraft:jump.static": {
      },
      "minecraft:behavior.float": {
        "priority": 0
      },
      "minecraft:behavior.float_wander": {
        "xz_dist": 10,
        "y_dist": 7,
        "y_offset": -2.0,
        "random_reselect": true,
        "float_duration": [ 0.1, 0.35 ]
      },
      "minecraft:can_fly": {
      },
      "minecraft:health": {
        "value": 100,
        "max": 100
      },
      "minecraft:behavior.ranged_attack": {
          "attack_interval_min": 1,
          "attack_interval_max": 3,
          "attack_radius": 15
        },
        "minecraft:shooter": {
          "type": "bomb",
          "def": "spiderman:powert"
        },
      "minecraft:behavior.random_stroll": {
        "priority": 6,
        "speed_multiplier": 1
      },
      "minecraft:behavior.look_at_player": {
        "priority": 7,
        "look_distance": 6,
        "probability": 0.02
      },
      "minecraft:behavior.random_look_around": {
        "priority": 7
      },
      "minecraft:behavior.hurt_by_target": {
        "priority": 1
      },
      "minecraft:behavior.nearest_attackable_target": {
        "priority": 2,
        "within_radius": 25,
        "reselect_targets": true,
        "entity_types": [
          {
            "filters": {
              "any_of": [
                {
                  "test": "is_family",
                  "subject": "other",
                  "value": "player"
                }
              ]
            },
            "max_dist": 75
          },
          {
            "filters": {
              "all_of": [
                {
                  "test": "is_family",
                  "subject": "other",
                  "value": "spiderman"
                },
                {
                  "test": "in_water",
                  "subject": "other",
                  "operator": "!=",
                  "value": true
                }
              ]
            },
            "max_dist": 75
          }
        ],
        "must_see": true,
        "must_see_forget_duration": 17.0
      },
      "minecraft:physics": {
      },
      "minecraft:scaffolding_climber": { }
    },
    "events": {
      "minecraft:entity_born": {
        "randomize": [
          {
            "weight": 100,
            "add": {
              "component_groups": [
                "minecraft:life",
                "minecraft:size"
              ]
            }
          }
        ]
      },
      "minecraft:entity_spawned": {
        "randomize": [
          {
            "weight": 100,
            "add": {
              "component_groups": [
                "minecraft:life",
                "minecraft:size"
              ]
            }
          }
        ]
      },
      "minecraft:size": {
        "add": {
          "component_groups": [
            "minecraft:size"
          ]
        }
      },
      "minecraft:shrink": {
        "add": {
          "component_groups": [
            "minecraft:shrink"
          ]
        }
      }
    }
  }
}
