{
  "format_version": "1.13.0",
  "minecraft:entity": {
    "description": {
      "identifier": "minecraft:player",
      "is_spawnable": false,
      "is_summonable": false,
      "is_experimental": false,
      "scripts": {
        "animate": [
          "spiderman",
          "miles",
          "gwen",
          "symbiote",
          "venom",
          "carnage",
          "globin",
          "lizard",
          "symbioteu",
          "scarlet",
          "milesu",
          "milesd",
          "milest",
          "spidermanfun",
          "milesfun",
          "gwenfun",
          "globinfun",
          "symbiotefun",
          "spidermansp",
          "milessp",
          "gwensp",
          "symbiotesp",
          "symbioteufun",
          "scarletfun",
          "milesufun",
          "symbioteusp",
          "scarletsp",
          "milesusp",
          "venomfun",
          "pw",
          "pwu",
          "pwt",
          "pwq",
          "pwc",
          "pws",
          "globinsp",
          "walk",
          "alien",
          "milesdfun",
          "milestfun",
          "voltedfun",
          "voltetfun",
          "hulk",
          "hulkred",
          "ironman",
          "thor",
          "antman",
          "captain",
          "wolverine",
          "shrink",
          "enlarge",
          "ironbo",
          "wolverineu",
          "hulksp",
          "hulkfun",
          "shehulk",
          "shehulksp",
          "shehulkfun",
          "ironmanfun",
          "antmanvp",
          "antmanvg",
          "shrinku",
          "enlargeu",
          "thorfun",
          "thorv",
          "ironsp",
          "ironvai",
          "ironv",
          "irona",
          "wo",
          "wou",
          "hulkredsp",
          "hulkredfun"
        ]
      },
      "animations": {
        "spiderman": "controller.animation.spiderman",
        "miles": "controller.animation.miles",
        "gwen": "controller.animation.gwen",
        "symbiote": "controller.animation.symbiote",
        "venom": "controller.animation.venom",
        "carnage": "controller.animation.carnage",
        "globin": "controller.animation.globin",
        "lizard": "controller.animation.lizard",
        "symbioteu": "controller.animation.symbioteu",
        "scarlet": "controller.animation.scarlet",
        "milesu": "controller.animation.milesu",
        "milesd": "controller.animation.milesd",
        "milest": "controller.animation.milest",
        "spidermanfun": "controller.animation.spidermanfun",
        "milesfun": "controller.animation.milesfun",
        "gwenfun": "controller.animation.gwenfun",
        "globinfun": "controller.animation.globinfun",
        "symbiotefun": "controller.animation.symbiotefun",
        "spidermansp": "controller.animation.spidermansp",
        "milessp": "controller.animation.milessp",
        "gwensp": "controller.animation.gwensp",
        "symbiotesp": "controller.animation.symbiotesp",
        "symbioteufun": "controller.animation.symbioteufun",
        "scarletfun": "controller.animation.scarletfun",
        "milesufun": "controller.animation.milesufun",
        "symbioteusp": "controller.animation.symbioteusp",
        "scarletsp": "controller.animation.scarletsp",
        "milesusp": "controller.animation.milesusp",
        "venomfun": "controller.animation.venomfun",
        "pw": "controller.animation.pw",
        "pwu": "controller.animation.pwu",
        "pwt": "controller.animation.pwt",
        "pwq": "controller.animation.pwq",
        "pwc": "controller.animation.pwc",
        "pws": "controller.animation.pws",
        "globinsp": "controller.animation.globinsp",
        "walk": "controller.animation.walk",
        "alien": "controller.animation.alien",
        "milesdfun": "controller.animation.milesdfun",
        "milestfun": "controller.animation.milestfun",
        "voltedfun": "controller.animation.voltedfun",
        "voltetfun": "controller.animation.voltetfun",
        "hulk": "controller.animation.hulk",
        "hulkred": "controller.animation.hulkred",
        "ironman": "controller.animation.ironman",
        "thor": "controller.animation.thor",
        "antman": "controller.animation.antman",
        "captain": "controller.animation.captain",
        "wolverine": "controller.animation.wolverine",
        "shrink": "controller.animation.shrink",
        "ironbo": "controller.animation.ironbo",
        "wolverineu": "controller.animation.wolverineu",
        "enlarge": "controller.animation.enlarge",
        "hulksp": "controller.animation.hulksp",
        "hulkfun": "controller.animation.hulkfun",
        "shehulk": "controller.animation.shehulk",
        "shehulksp": "controller.animation.shehulksp",
        "shehulkfun": "controller.animation.shehulkfun",
        "ironmanfun": "controller.animation.ironmanfun",
        "antmanvp": "controller.animation.antmanvp",
        "antmanvg": "controller.animation.antmanvg",
        "shrinku": "controller.animation.shrinku",
        "enlargeu": "controller.animation.enlargeu",
        "thorfun": "controller.animation.thorfun",
        "thorv": "controller.animation.thorv",
        "ironsp": "controller.animation.ironsp",
        "ironvai": "controller.animation.ironvai",
        "ironv": "controller.animation.ironv",
        "irona": "controller.animation.irona",
        "wo": "controller.animation.wo",
        "wou": "controller.animation.wou",
        "hulkredsp": "controller.animation.hulkredsp",
        "hulkredfun": "controller.animation.hulkredfun"
      }
    },

    "component_groups": {
      "minecraft:normal_player": {
        "minecraft:variant": {
          "value": 0
        },
        "minecraft:scale": {
          "value": 1.0
        },
        "minecraft:health": {
          "value": 20,
          "max": 20
        },
        "minecraft:attack": {
          "damage": 1
        },
        "minecraft:movement": {
          "value": 0.1
        },
        "minecraft:spell_effects": {
          "remove_effects": [
            "speed",
            "jump_boost",
            "resistance",
            "water_breathing",
            "regeneration",
            "fire_resistance",
            "slow_falling",
            "night_vision",
            "haste",
            "invisibility"
          ]

        }
      },
      "minecraft:spiderman": {
        "minecraft:variant": {
          "value": 1
        },
        "minecraft:scale": {
          "value": 1.0
        },
        "minecraft:health": {
          "value": 40,
          "max": 40
        },
        "minecraft:attack": {
          "damage": 5
        },
        "minecraft:spell_effects": {
          "add_effects": [
            {
              "effect": "regeneration",
              "duration": 100000,
              "amplifier": 2,
              "visible": false
            }
          ]
        }
      },
      "minecraft:miles": {
        "minecraft:variant": {
          "value": 2
        },
        "minecraft:scale": {
          "value": 1.0
        },
        "minecraft:health": {
          "value": 40,
          "max": 40
        },
        "minecraft:attack": {
          "damage": 5
        },
        "minecraft:spell_effects": {
          "add_effects": [
            {
              "effect": "regeneration",
              "duration": 100000,
              "amplifier": 2,
              "visible": false
            }
          ]
        }
      },
      "minecraft:gwen": {
        "minecraft:variant": {
          "value": 3
        },
        "minecraft:scale": {
          "value": 1.0
        },
        "minecraft:health": {
          "value": 40,
          "max": 40
        },
        "minecraft:attack": {
          "damage": 5
        },
        "minecraft:spell_effects": {
          "add_effects": [
            {
              "effect": "regeneration",
              "duration": 100000,
              "amplifier": 2,
              "visible": false
            }
          ]
        }
      },
      "minecraft:symbiote": {
        "minecraft:variant": {
          "value": 4
        },
        "minecraft:scale": {
          "value": 1.0
        },
        "minecraft:health": {
          "value": 40,
          "max": 40
        },
        "minecraft:attack": {
          "damage": 5
        },
        "minecraft:spell_effects": {
          "add_effects": [
            {
              "effect": "regeneration",
              "duration": 100000,
              "amplifier": 2,
              "visible": false
            },
            {
              "effect": "blindness",
              "duration": 1,
              "amplifier": 1,
              "visible": false
            },
            {
              "effect": "nausea",
              "duration": 10,
              "amplifier": 8,
              "visible": false
            }
          ]
        }
      },
      "minecraft:venom": {
        "minecraft:variant": {
          "value": 5
        },
        "minecraft:scale": {
          "value": 1.2
        },
        "minecraft:health": {
          "value": 40,
          "max": 40
        },
        "minecraft:attack": {
          "damage": 6
        },
        "minecraft:spell_effects": {
          "add_effects": [
            {
              "effect": "regeneration",
              "duration": 100000,
              "amplifier": 2,
              "visible": false
            },
            {
              "effect": "jump_boost",
              "duration": 100000,
              "amplifier": 3,
              "visible": false
            },
            {
              "effect": "blindness",
              "duration": 1,
              "amplifier": 1,
              "visible": false
            },
            {
              "effect": "nausea",
              "duration": 5,
              "amplifier": 8,
              "visible": false
            }
          ]
        }
      },
      "minecraft:carnage": {
        "minecraft:variant": {
          "value": 6
        },
        "minecraft:scale": {
          "value": 1.3
        },
        "minecraft:health": {
          "value": 40,
          "max": 40
        },
        "minecraft:attack": {
          "damage": 7
        },
        "minecraft:spell_effects": {
          "add_effects": [
            {
              "effect": "regeneration",
              "duration": 100000,
              "amplifier": 2,
              "visible": false
            },
            {
              "effect": "jump_boost",
              "duration": 100000,
              "amplifier": 3,
              "visible": false
            }
          ]
        }
      },
      "minecraft:globin": {
        "minecraft:variant": {
          "value": 7
        },
        "minecraft:scale": {
          "value": 1.0
        },
        "minecraft:health": {
          "value": 40,
          "max": 40
        },
        "minecraft:attack": {
          "damage": 5
        },
        "minecraft:spell_effects": {
          "add_effects": [
            {
              "effect": "regeneration",
              "duration": 100000,
              "amplifier": 2,
              "visible": false
            },
            {
              "effect": "slow_falling",
              "duration": 100000,
              "amplifier": 1,
              "visible": false
            }
          ]
        }
      },
      "minecraft:lizard": {
        "minecraft:variant": {
          "value": 8
        },
        "minecraft:scale": {
          "value": 1.0
        },
        "minecraft:health": {
          "value": 40,
          "max": 40
        },
        "minecraft:attack": {
          "damage": 5
        },
        "minecraft:spell_effects": {
          "add_effects": [
            {
              "effect": "regeneration",
              "duration": 100000,
              "amplifier": 2,
              "visible": false
            },
            {
              "effect": "jump_boost",
              "duration": 100000,
              "amplifier": 3,
              "visible": false
            }
          ]
        }
      },

      "minecraft:symbioteu": {
        "minecraft:variant": {
          "value": 9
        },
        "minecraft:scale": {
          "value": 1.0
        },
        "minecraft:health": {
          "value": 40,
          "max": 40
        },
        "minecraft:attack": {
          "damage": 5
        },
        "minecraft:spell_effects": {
          "add_effects": [
            {
              "effect": "regeneration",
              "duration": 100000,
              "amplifier": 2,
              "visible": false
            },
            {
              "effect": "blindness",
              "duration": 1,
              "amplifier": 1,
              "visible": false
            },
            {
              "effect": "nausea",
              "duration": 5,
              "amplifier": 5,
              "visible": false
            }
          ]
        }
      },
      "minecraft:scarlet": {
        "minecraft:variant": {
          "value": 10
        },
        "minecraft:scale": {
          "value": 1.0
        },
        "minecraft:health": {
          "value": 40,
          "max": 40
        },
        "minecraft:attack": {
          "damage": 5
        },
        "minecraft:spell_effects": {
          "add_effects": [
            {
              "effect": "regeneration",
              "duration": 100000,
              "amplifier": 2,
              "visible": false
            }
          ]
        }
      },
      "minecraft:milesu": {
        "minecraft:variant": {
          "value": 11
        },
        "minecraft:scale": {
          "value": 1.0
        },
        "minecraft:health": {
          "value": 40,
          "max": 40
        },
        "minecraft:attack": {
          "damage": 5
        },
        "minecraft:spell_effects": {
          "add_effects": [
            {
              "effect": "regeneration",
              "duration": 100000,
              "amplifier": 2,
              "visible": false
            }
          ]
        }
      },
      "minecraft:milesd": {
        "minecraft:variant": {
          "value": 12
        },
        "minecraft:scale": {
          "value": 1.0
        },
        "minecraft:health": {
          "value": 40,
          "max": 40
        },
        "minecraft:attack": {
          "damage": 5
        },
        "minecraft:spell_effects": {
          "add_effects": [
            {
              "effect": "regeneration",
              "duration": 100000,
              "amplifier": 2,
              "visible": false
            }
          ]
        }
      },
      "minecraft:milest": {
        "minecraft:variant": {
          "value": 13
        },
        "minecraft:scale": {
          "value": 1.0
        },
        "minecraft:health": {
          "value": 40,
          "max": 40
        },
        "minecraft:attack": {
          "damage": 5
        },
        "minecraft:spell_effects": {
          "add_effects": [
            {
              "effect": "regeneration",
              "duration": 100000,
              "amplifier": 2,
              "visible": false
            }
          ]
        }
      },
      "minecraft:hulk": {
        "minecraft:variant": {
          "value": 14
        },
        "minecraft:scale": {
          "value": 1.4
        },
        "minecraft:health": {
          "value": 60,
          "max": 60
        },
        "minecraft:attack": {
          "damage": 6
        },
        "minecraft:spell_effects": {
          "add_effects": [
            {
              "effect": "regeneration",
              "duration": 100000,
              "amplifier": 2,
              "visible": false
            },
            {
              "effect": "blindness",
              "duration": 3,
              "amplifier": 1,
              "visible": false
            },
            {
              "effect": "nausea",
              "duration": 5,
              "amplifier": 5,
              "visible": false
            },
            {
              "effect": "speed",
              "duration": 100000,
              "amplifier": 1,
              "visible": false
            },
            {
              "effect": "jump_boost",
              "duration": 100000,
              "amplifier": 10,
              "visible": false
            }
          ]
        }
      },
      "minecraft:shehulk": {
        "minecraft:variant": {
          "value": 15
        },
        "minecraft:scale": {
          "value": 1.1
        },
        "minecraft:health": {
          "value": 60,
          "max": 60
        },
        "minecraft:attack": {
          "damage": 6
        },
        "minecraft:spell_effects": {
          "add_effects": [
            {
              "effect": "regeneration",
              "duration": 100000,
              "amplifier": 2,
              "visible": false
            },
            {
              "effect": "blindness",
              "duration": 5,
              "amplifier": 1,
              "visible": false
            },
            {
              "effect": "nausea",
              "duration": 5,
              "amplifier": 5,
              "visible": false
            },
            {
              "effect": "speed",
              "duration": 100000,
              "amplifier": 1,
              "visible": false
            },
            {
              "effect": "jump_boost",
              "duration": 100000,
              "amplifier": 8,
              "visible": false
            }
          ]
        }
      },
      "minecraft:hulkred": {

        "minecraft:variant": {
          "value": 16
        },
        "minecraft:scale": {
          "value": 1.4
        },
        "minecraft:health": {
          "value": 60,
          "max": 60
        },
        "minecraft:attack": {
          "damage": 6
        },
        "minecraft:spell_effects": {
          "add_effects": [
            {
              "effect": "regeneration",
              "duration": 100000,
              "amplifier": 2,
              "visible": false
            },
            {
              "effect": "blindness",
              "duration": 5,
              "amplifier": 1,
              "visible": false
            },
            {
              "effect": "nausea",
              "duration": 5,
              "amplifier": 5,
              "visible": false
            },
            {
              "effect": "speed",
              "duration": 100000,
              "amplifier": 1,
              "visible": false
            },
            {
              "effect": "jump_boost",
              "duration": 100000,
              "amplifier": 9,
              "visible": false
            }
          ]
        }
      },
      "minecraft:ironman": {
        "minecraft:variant": {
          "value": 17
        },
        "minecraft:scale": {
          "value": 1.0
        },
        "minecraft:health": {
          "value": 40,
          "max": 40
        },
        "minecraft:attack": {
          "damage": 5
        },
        "minecraft:spell_effects": {
          "add_effects": [
            {
              "effect": "regeneration",
              "duration": 100000,
              "amplifier": 2,
              "visible": false
            },
            {
              "effect": "jump_boost",
              "duration": 100000,
              "amplifier": 5,
              "visible": false
            }
          ]
        }
      },
      "minecraft:thor": {
        "minecraft:variant": {
          "value": 18
        },
        "minecraft:scale": {
          "value": 1.0
        },
        "minecraft:health": {
          "value": 40,
          "max": 40
        },
        "minecraft:attack": {
          "damage": 5
        },
        "minecraft:spell_effects": {
          "add_effects": [
            {
              "effect": "regeneration",
              "duration": 100000,
              "amplifier": 2,
              "visible": false
            },
            {
              "effect": "jump_boost",
              "duration": 100000,
              "amplifier": 5,
              "visible": false
            }
          ]
        }
      },
      "minecraft:antman": {
        "minecraft:variant": {
          "value": 19
        },
        "minecraft:scale": {
          "value": 1.0
        },
        "minecraft:health": {
          "value": 40,
          "max": 40
        },
        "minecraft:attack": {
          "damage": 5
        },
        "minecraft:spell_effects": {
          "add_effects": [
            {
              "effect": "regeneration",
              "duration": 100000,
              "amplifier": 2,
              "visible": false
            }
          ]
        }
      },
      "minecraft:captain": {
        "minecraft:variant": {
          "value": 20
        },
        "minecraft:scale": {
          "value": 1.0
        },
        "minecraft:health": {
          "value": 40,
          "max": 40
        },
        "minecraft:attack": {
          "damage": 6
        },
        "minecraft:spell_effects": {
          "add_effects": [
            {
              "effect": "regeneration",
              "duration": 100000,
              "amplifier": 2,
              "visible": false
            },
            {
              "effect": "jump_boost",
              "duration": 100000,
              "amplifier": 5,
              "visible": false
            }
          ]
        }
      },
      "minecraft:wolverine": {
        "minecraft:variant": {
          "value": 21
        },
        "minecraft:scale": {
          "value": 1.0
        },
        "minecraft:health": {
          "value": 40,
          "max": 40
        },
        "minecraft:attack": {
          "damage": 6
        },
        "minecraft:spell_effects": {
          "add_effects": [
            {
              "effect": "regeneration",
              "duration": 100000,
              "amplifier": 2,
              "visible": false
            }
          ]
        }
      },
      "minecraft:shrink": {
        "minecraft:variant": {
          "value": 22
        },
        "minecraft:scale": {
          "value": 0.3
        },
        "minecraft:health": {
          "value": 20,
          "max": 20
        },
        "minecraft:attack": {
          "damage": 1
        },
        "minecraft:spell_effects": {
          "add_effects": [
            {
              "effect": "speed",
              "duration": 100000,
              "amplifier": 2,
              "visible": false
            },
            {
              "effect": "jump_boost",
              "duration": 100000,
              "amplifier": 5,
              "visible": false
            }
          ]
        }
      },
      "minecraft:enlarge": {
        "minecraft:variant": {
          "value": 23
        },
        "minecraft:scale": {
          "value": 4.0
        },
        "minecraft:health": {
          "value": 60,
          "max": 60
        },
        "minecraft:attack": {
          "damage": 5
        },
        "minecraft:movement": {
          "value": 0.01
        },
        "minecraft:spell_effects": {
          "remove_effects": [
            "speed",
            "jump_boost"
          ]
        }
      },
      "minecraft:ironbo": {
        "minecraft:variant": {
          "value": 24
        },
        "minecraft:scale": {
          "value": 1.0
        },
        "minecraft:health": {
          "value": 40,
          "max": 40
        },
        "minecraft:attack": {
          "damage": 5
        },
        "minecraft:spell_effects": {
          "add_effects": [
            {
              "effect": "regeneration",
              "duration": 100000,
              "amplifier": 2,
              "visible": false
            }
          ]
        }
      },
      "minecraft:wolverineu": {
        "minecraft:variant": {
          "value": 25
        },
        "minecraft:scale": {
          "value": 1.0
        },
        "minecraft:health": {
          "value": 60,
          "max": 60
        },
        "minecraft:attack": {
          "damage": 6
        },
        "minecraft:spell_effects": {
          "add_effects": [
            {
              "effect": "regeneration",
              "duration": 100000,
              "amplifier": 2,
              "visible": false
            },
            {
              "effect": "jump_boost",
              "duration": 100000,
              "amplifier": 5,
              "visible": false
            },
            {
              "effect": "speed",
              "duration": 100000,
              "amplifier": 2,
              "visible": false
            }
          ]
        }
      },
      "minecraft:pw": {
        "minecraft:spawn_entity": {
          "min_wait_time": 0,
          "max_wait_time": 0,
          "num_to_spawn": 1,
          "single_use": true,
          "spawn_entity": "ntek:power"
        }
      },
      "minecraft:pwu": {
        "minecraft:spawn_entity": {
          "min_wait_time": 0,
          "max_wait_time": 0,
          "num_to_spawn": 1,
          "single_use": true,
          "spawn_entity": "ntek:poweru"
        }
      },
      "minecraft:pwt": {
        "minecraft:spawn_entity": {
          "min_wait_time": 0,
          "max_wait_time": 0,
          "num_to_spawn": 1,
          "single_use": true,

          "spawn_entity": "ntek:powert"
        }
      },
      "minecraft:pwq": {
        "minecraft:spawn_entity": {
          "min_wait_time": 0,
          "max_wait_time": 0,
          "num_to_spawn": 1,
          "single_use": true,
          "spawn_entity": "ntek:powerq"
        }
      },
      "minecraft:pwc": {
        "minecraft:spawn_entity": {
          "min_wait_time": 0,
          "max_wait_time": 0,
          "num_to_spawn": 1,
          "single_use": true,
          "spawn_entity": "ntek:powerc"
        }
      },
      "minecraft:pws": {
        "minecraft:spawn_entity": {
          "min_wait_time": 0,
          "max_wait_time": 0,
          "num_to_spawn": 1,
          "single_use": true,
          "spawn_entity": "ntek:powers"
        }
      },
      "minecraft:add_bad_omen": {
        "minecraft:spell_effects": {
          "add_effects": [
            {
              "effect": "bad_omen",
              "duration": 6000,
              "display_on_screen_animation": true
            }
          ]
        },
        "minecraft:timer": {
          "time": [ 0.0, 0.0 ],
          "looping": false,
          "time_down_event": {
            "event": "minecraft:clear_add_bad_omen",
            "target": "self"
          }
        }
      },
      "minecraft:clear_bad_omen_spell_effect": {
        "minecraft:spell_effects": {
        }
      },
      "minecraft:raid_trigger": {
        "minecraft:raid_trigger": {
          "triggered_event": {
            "event": "minecraft:remove_raid_trigger",
            "target": "self"

          }
        },
        "minecraft:spell_effects": {
          "remove_effects": "bad_omen"
        }
      }
    },

    "components": {
      "minecraft:experience_reward": {
        "on_death": "Math.Min(query.player_level * 7, 100)"
      },
      "minecraft:type_family": {
        "family": [ "player" ]
      },
      "minecraft:is_hidden_when_invisible": {
      },
      "minecraft:loot": {
        "table": "loot_tables/empty.json"
      },
      "minecraft:collision_box": {
        "width": 0.6,
        "height": 1.8
      },
      "minecraft:can_climb": {
      },
      "minecraft:movement": {
        "value": 0.1
      },
      "minecraft:hurt_on_condition": {
        "damage_conditions": [
          {
            "filters": { "test": "in_lava", "subject": "self", "operator": "==", "value": true },
            "cause": "lava",
            "damage_per_tick": 4
          }
        ]
      },
      "minecraft:attack": {
        "damage": 1
      },
      "minecraft:player.saturation": {
        "value": 20
      },
      "minecraft:player.exhaustion": {
        "value": 0,
        "max": 4
      },
      "minecraft:player.level": {
        "value": 0,
        "max": 24791
      },
      "minecraft:player.experience": {
        "value": 0,
        "max": 1
      },
      "minecraft:breathable": {
        "total_supply": 15,
        "suffocate_time": -1,
        "inhale_time": 3.75,
        "generates_bubbles": false
      },
      "minecraft:nameable": {
        "always_show": true,
        "allow_name_tag_renaming": false
      },
      "minecraft:physics": {
      },
      "minecraft:pushable": {
        "is_pushable": false,
        "is_pushable_by_piston": true
      },
      "minecraft:insomnia": {
        "days_until_insomnia": 3
      },
      "minecraft:rideable": {

        "seat_count": 2,
        "family_types": [
          "parrot_tame"
        ],
        "pull_in_entities": true,
        "seats": [
          {
            "position": [ 0.4, -0.2, -0.1 ],
            "min_rider_count": 0,
            "max_rider_count": 0,
            "lock_rider_rotation": 0
          },
          {
            "position": [ -0.4, -0.2, -0.1 ],
            "min_rider_count": 1,
            "max_rider_count": 2,
            "lock_rider_rotation": 0
          }
        ]
      },
      "minecraft:scaffolding_climber": {},
      "minecraft:environment_sensor": {
        "triggers": [
          {
            "filters": {
              "all_of": [
                {
                  "test": "has_mob_effect",
                  "subject": "self",
                  "value": "bad_omen"
                },
                {
                  "test": "is_in_village",
                  "subject": "self",
                  "value": true
                }
              ]
            },
            "event": "minecraft:trigger_raid"
          },
          {
            "filters": {
              "all_of": [
                {
                  "test": "is_variant",
                  "operator": "!=",
                  "value": 0
                },
                {
                  "test": "has_equipment",
                  "domain": "head",
                  "operator": "!=",
                  "value": "ntek:spiderman"
                },
                {
                  "test": "has_equipment",
                  "domain": "head",
                  "operator": "!=",
                  "value": "ntek:miles"
                },
                {
                  "test": "has_equipment",
                  "domain": "head",
                  "operator": "!=",
                  "value": "ntek:gwen"
                },
                {
                  "test": "has_equipment",
                  "domain": "head",
                  "operator": "!=",
                  "value": "ntek:symbiote"
                },
                {
                  "test": "has_equipment",
                  "domain": "head",
                  "operator": "!=",
                  "value": "ntek:venom"
                },
                {
                  "test": "has_equipment",
                  "domain": "head",
                  "operator": "!=",
                  "value": "ntek:carnage"
                },
                {
                  "test": "has_equipment",
                  "domain": "head",
                  "operator": "!=",
                  "value": "ntek:globin"
                },
                {
                  "test": "has_equipment",
                  "domain": "head",
                  "operator": "!=",
                  "value": "ntek:lizard"
                },
                {
                  "test": "has_equipment",
                  "domain": "head",
                  "operator": "!=",
                  "value": "ntek:symbioteu"
                },
                {
                  "test": "has_equipment",
                  "domain": "head",
                  "operator": "!=",
                  "value": "ntek:scarlet"
                },
                {
                  "test": "has_equipment",
                  "domain": "head",
                  "operator": "!=",
                  "value": "ntek:milesu"
                },
                {
                  "test": "has_equipment",
                  "domain": "head",
                  "operator": "!=",
                  "value": "ntek:milesd"
                },
                {
                  "test": "has_equipment",
                  "domain": "head",
                  "operator": "!=",
                  "value": "ntek:milest"
                },
                {
                  "test": "has_equipment",
                  "domain": "head",
                  "operator": "!=",
                  "value": "ntek:hulk"
                },
                {
                  "test": "has_equipment",
                  "domain": "head",
                  "operator": "!=",
                  "value": "ntek:shehulk"
                },
                {
                  "test": "has_equipment",
                  "domain": "head",
                  "operator": "!=",
                  "value": "ntek:hulkred"
                },
                {
                  "test": "has_equipment",
                  "domain": "head",
                  "operator": "!=",
                  "value": "ntek:ironman"
                },
                {
                  "test": "has_equipment",
                  "domain": "head",
                  "operator": "!=",
                  "value": "ntek:thor"
                },
                {
                  "test": "has_equipment",
                  "domain": "head",
                  "operator": "!=",
                  "value": "ntek:antman"
                },
                {
                  "test": "has_equipment",
                  "domain": "head",
                  "operator": "!=",
                  "value": "ntek:captain"
                },
                {
                  "test": "has_equipment",
                  "domain": "head",
                  "operator": "!=",
                  "value": "ntek:wolverine"
                },
                {
                  "test": "has_equipment",
                  "domain": "head",
                  "operator": "!=",
                  "value": "ntek:shrink"
                },
                {
                  "test": "has_equipment",
                  "domain": "head",
                  "operator": "!=",
                  "value": "ntek:enlarge"
                },
                {
                  "test": "has_equipment",
                  "domain": "head",
                  "operator": "!=",
                  "value": "ntek:ironbo"
                },
                {
                  "test": "has_equipment",
                  "domain": "head",
                  "operator": "!=",
                  "value": "ntek:wolverineu"
                }
              ]
            },
            "event": "minecraft:event_normal_player"
          },
          {
            "filters": {
              "all_of": [
                {
                  "test": "has_equipment",
                  "domain": "head",
                  "value": "ntek:spiderman"
                },
                {
                  "test": "is_variant",
                  "operator": "!=",
                  "value": 1
                }
              ]
            },
            "event": "minecraft:spiderman"
          },
          {
            "filters": {
              "all_of": [
                {
                  "test": "has_equipment",
                  "domain": "head",
                  "value": "ntek:miles"
                },
                {
                  "test": "is_variant",
                  "operator": "!=",
                  "value": 2
                }
              ]
            },
            "event": "minecraft:miles"
          },
          {
            "filters": {
              "all_of": [
                {
                  "test": "has_equipment",
                  "domain": "head",
                  "value": "ntek:gwen"
                },
                {
                  "test": "is_variant",
                  "operator": "!=",
                  "value": 3
                }
              ]
            },
            "event": "minecraft:gwen"
          },
          {
            "filters": {
              "all_of": [
                {
                  "test": "has_equipment",
                  "domain": "head",
                  "value": "ntek:symbiote"
                },
                {
                  "test": "is_variant",
                  "operator": "!=",
                  "value": 4
                }
              ]
            },
            "event": "minecraft:symbiote"
          },
          {
            "filters": {
              "all_of": [
                {
                  "test": "has_equipment",
                  "domain": "head",
                  "value": "ntek:venom"
                },
                {
                  "test": "is_variant",
                  "operator": "!=",
                  "value": 5
                }
              ]
            },
            "event": "minecraft:venom"
          },
          {
            "filters": {
              "all_of": [
                {
                  "test": "has_equipment",
                  "domain": "head",
                  "value": "ntek:carnage"
                },
                {
                  "test": "is_variant",
                  "operator": "!=",
                  "value": 6
                }
              ]
            },
            "event": "minecraft:carnage"
          },
          {
            "filters": {
              "all_of": [
                {
                  "test": "has_equipment",
                  "domain": "head",
                  "value": "ntek:globin"
                },
                {
                  "test": "is_variant",
                  "operator": "!=",
                  "value": 7
                }
              ]
            },
            "event": "minecraft:globin"
          },
          {
            "filters": {
              "all_of": [
                {
                  "test": "has_equipment",
                  "domain": "head",
                  "value": "ntek:lizard"
                },
                {
                  "test": "is_variant",
                  "operator": "!=",
                  "value": 8
                }
              ]
            },
            "event": "minecraft:lizard"
          },
          {
            "filters": {
              "all_of": [
                {
                  "test": "has_equipment",
                  "domain": "head",
                  "value": "ntek:symbioteu"
                },
                {
                  "test": "is_variant",
                  "operator": "!=",
                  "value": 9
                }
              ]
            },
            "event": "minecraft:symbioteu"
          },
          {
            "filters": {
              "all_of": [
                {
                  "test": "has_equipment",
                  "domain": "head",
                  "value": "ntek:scarlet"
                },
                {
                  "test": "is_variant",
                  "operator": "!=",
                  "value": 10
                }
              ]
            },
            "event": "minecraft:scarlet"
          },
          {
            "filters": {
              "all_of": [
                {
                  "test": "has_equipment",
                  "domain": "head",
                  "value": "ntek:milesu"
                },
                {
                  "test": "is_variant",
                  "operator": "!=",
                  "value": 11
                }
              ]
            },
            "event": "minecraft:milesu"
          },
          {
            "filters": {
              "all_of": [
                {
                  "test": "has_equipment",
                  "domain": "head",
                  "value": "ntek:milesd"
                },
                {
                  "test": "is_variant",
                  "operator": "!=",
                  "value": 12
                }
              ]
            },
            "event": "minecraft:milesd"
          },
          {
            "filters": {
              "all_of": [
                {
                  "test": "has_equipment",
                  "domain": "head",
                  "value": "ntek:milest"
                },
                {
                  "test": "is_variant",
                  "operator": "!=",
                  "value": 13
                }
              ]
            },
            "event": "minecraft:milest"
          },
          {
            "filters": {
              "all_of": [
                {
                  "test": "has_equipment",
                  "domain": "head",
                  "value": "ntek:hulk"
                },
                {
                  "test": "is_variant",
                  "operator": "!=",
                  "value": 14
                }
              ]
            },
            "event": "minecraft:hulk"
          },
          {
            "filters": {
              "all_of": [
                {
                  "test": "has_equipment",
                  "domain": "head",
                  "value": "ntek:shehulk"
                },
                {
                  "test": "is_variant",
                  "operator": "!=",
                  "value": 15
                }
              ]
            },
            "event": "minecraft:shehulk"
          },
          {
            "filters": {
              "all_of": [
                {
                  "test": "has_equipment",
                  "domain": "head",
                  "value": "ntek:hulkred"
                },
                {
                  "test": "is_variant",
                  "operator": "!=",
                  "value": 16
                }
              ]
            },
            "event": "minecraft:hulkred"
          },
          {
            "filters": {
              "all_of": [
                {
                  "test": "has_equipment",
                  "domain": "head",
                  "value": "ntek:ironman"
                },
                {
                  "test": "is_variant",
                  "operator": "!=",
                  "value": 17
                }
              ]
            },
            "event": "minecraft:ironman"
          },
          {
            "filters": {
              "all_of": [
                {
                  "test": "has_equipment",
                  "domain": "head",
                  "value": "ntek:thor"
                },
                {
                  "test": "is_variant",
                  "operator": "!=",
                  "value": 18
                }
              ]
            },
            "event": "minecraft:thor"
          },
          {
            "filters": {
              "all_of": [
                {
                  "test": "has_equipment",
                  "domain": "head",
                  "value": "ntek:antman"
                },
                {
                  "test": "is_variant",
                  "operator": "!=",
                  "value": 19
                }
              ]
            },
            "event": "minecraft:antman"
          },
          {
            "filters": {
              "all_of": [
                {
                  "test": "has_equipment",
                  "domain": "head",
                  "value": "ntek:captain"
                },
                {
                  "test": "is_variant",
                  "operator": "!=",
                  "value": 20
                }
              ]
            },
            "event": "minecraft:captain"
          },
          {
            "filters": {
              "all_of": [
                {
                  "test": "has_equipment",
                  "domain": "head",
                  "value": "ntek:wolverine"
                },
                {
                  "test": "is_variant",
                  "operator": "!=",
                  "value": 21
                }
              ]
            },
            "event": "minecraft:wolverine"
          },
          {
            "filters": {
              "all_of": [
                {
                  "test": "has_equipment",
                  "domain": "head",
                  "value": "ntek:shrink"
                },
                {
                  "test": "is_variant",
                  "operator": "!=",
                  "value": 22
                }
              ]
            },
            "event": "minecraft:shrink"
          },
          {
            "filters": {
              "all_of": [
                {
                  "test": "has_equipment",
                  "domain": "head",
                  "value": "ntek:enlarge"
                },
                {
                  "test": "is_variant",
                  "operator": "!=",
                  "value": 23
                }
              ]
            },
            "event": "minecraft:enlarge"
          },
          {
            "filters": {
              "all_of": [
                {
                  "test": "has_equipment",
                  "domain": "head",
                  "value": "ntek:ironbo"
                },
                {
                  "test": "is_variant",
                  "operator": "!=",
                  "value": 24
                }
              ]
            },
            "event": "minecraft:ironbo"
          },
          {
            "filters": {
              "all_of": [
                {
                  "test": "has_equipment",
                  "domain": "head",
                  "value": "ntek:wolverineu"
                },
                {
                  "test": "is_variant",
                  "operator": "!=",
                  "value": 25
                }
              ]
            },
            "event": "minecraft:wolverineu"
          },
          {
            "filters": {
              "all_of": [
                {
                  "test": "has_equipment",
                  "subject": "self",
                  "domain": "hand",
                  "value": "ntek:power"
                },
                {
                  "test": "has_tag",
                  "subject": "self",
                  "value": "click"
                }
              ]
            },
            "event": "minecraft:event_pw"
          },
          {
            "filters": {
              "all_of": [
                {
                  "test": "has_equipment",
                  "subject": "self",
                  "domain": "hand",
                  "value": "ntek:poweru"
                },
                {
                  "test": "has_tag",
                  "subject": "self",
                  "value": "click"
                }
              ]
            },
            "event": "minecraft:event_pwu"
          },
          {
            "filters": {
              "all_of": [
                {
                  "test": "has_equipment",
                  "subject": "self",
                  "domain": "hand",
                  "value": "ntek:powert"
                },
                {
                  "test": "has_tag",
                  "subject": "self",
                  "value": "click"
                }
              ]
            },
            "event": "minecraft:event_pwt"
          },
          {
            "filters": {
              "all_of": [
                {
                  "test": "has_equipment",
                  "subject": "self",
                  "domain": "hand",
                  "value": "ntek:powerq"
                },
                {
                  "test": "has_tag",
                  "subject": "self",
                  "value": "click"
                }
              ]
            },
            "event": "minecraft:event_pwq"
          },
          {
            "filters": {
              "all_of": [
                {
                  "test": "has_equipment",
                  "subject": "self",
                  "domain": "hand",
                  "value": "ntek:powerc"
                },
                {
                  "test": "has_tag",
                  "subject": "self",
                  "value": "click"
                }
              ]
            },
            "event": "minecraft:event_pwc"
          },
          {
            "filters": {
              "all_of": [
                {
                  "test": "has_equipment",
                  "subject": "self",
                  "domain": "hand",
                  "value": "ntek:powers"
                },
                {
                  "test": "has_tag",
                  "subject": "self",
                  "value": "click"
                }
              ]
            },
            "event": "minecraft:event_pws"
          }
        ]
      }
    },
    "events": {
      "minecraft:event_normal_player": {
        "add": {
          "component_groups": [
            "minecraft:normal_player"
          ]
        },
        "remove": {
          "component_groups": [
            "minecraft:spiderman",
            "minecraft:miles",
            "minecraft:gwen",
            "minecraft:symbiote",
            "minecraft:venom",
            "minecraft:carnage",
            "minecraft:globin",
            "minecraft:lizard",
            "minecraft:symbioteu",
            "minecraft:scarlet",
            "minecraft:milesu",
            "minecraft:milesd",
            "minecraft:milest",
            "minecraft:hulk",
            "minecraft:shered",
            "minecraft:hulkred",
            "minecraft:ironman",
            "minecraft:thor",
            "minecraft:antman",
            "minecraft:captain",
            "minecraft:wolverine",
            "minecraft:shrink",
            "minecraft:enlarge",
            "minecraft:shrink",
            "minecraft:ironbo",
            "minecraft:wolverineu",
            "minecraft:poweru",
            "minecraft:powert",
            "minecraft:powerq",
            "minecraft:powerc",
            "minecraft:powers"
          ]
        }
      },
      "minecraft:spiderman": {
        "add": {
          "component_groups": [
            "minecraft:spiderman"
          ]
        }
      },
      "minecraft:miles": {
        "add": {
          "component_groups": [
            "minecraft:miles"
          ]
        }
      },
      "minecraft:gwen": {
        "add": {
          "component_groups": [
            "minecraft:gwen"
          ]
        }
      },
      "minecraft:symbiote": {
        "add": {
          "component_groups": [
            "minecraft:symbiote"
          ]
        }
      },
      "minecraft:venom": {
        "add": {
          "component_groups": [
            "minecraft:venom"
          ]
        }
      },
      "minecraft:carnage": {
        "add": {
          "component_groups": [
            "minecraft:carnage"
          ]
        }
      },
      "minecraft:globin": {
        "add": {
          "component_groups": [
            "minecraft:globin"
          ]
        }
      },
      "minecraft:lizard": {
        "add": {
          "component_groups": [
            "minecraft:lizard"
          ]
        }
      },
      "minecraft:symbioteu": {
        "add": {
          "component_groups": [
            "minecraft:symbioteu"
          ]
        }
      },
      "minecraft:scarlet": {
        "add": {
          "component_groups": [
            "minecraft:scarlet"
          ]
        }
      },
      "minecraft:milesu": {
        "add": {
          "component_groups": [
            "minecraft:milesu"
          ]
        }
      },
      "minecraft:milesd": {
        "add": {
          "component_groups": [
            "minecraft:milesd"
          ]
        }
      },
      "minecraft:milest": {
        "add": {
          "component_groups": [
            "minecraft:milest"
          ]
        }
      },
      "minecraft:hulk": {
        "add": {
          "component_groups": [
            "minecraft:hulk"
          ]
        }
      },
      "minecraft:shehulk": {
        "add": {
          "component_groups": [
            "minecraft:shehulk"
          ]
        }
      },
      "minecraft:hulkred": {
        "add": {
          "component_groups": [
            "minecraft:hulkred"
          ]
        }
      },
      "minecraft:ironman": {
        "add": {
          "component_groups": [
            "minecraft:ironman"
          ]
        }
      },
      "minecraft:thor": {
        "add": {
          "component_groups": [
            "minecraft:thor"
          ]
        }
      },
      "minecraft:antman": {
        "add": {
          "component_groups": [
            "minecraft:antman"
          ]
        }
      },
      "minecraft:captain": {
        "add": {
          "component_groups": [
            "minecraft:captain"
          ]
        }
      },
      "minecraft:wolverine": {
        "add": {
          "component_groups": [
            "minecraft:wolverine"
          ]
        }
      },
      "minecraft:shrink": {
        "add": {
          "component_groups": [
            "minecraft:shrink"
          ]
        }
      },
      "minecraft:enlarge": {
        "add": {
          "component_groups": [
            "minecraft:enlarge"
          ]
        }
      },
      "minecraft:ironbo": {
        "add": {
          "component_groups": [
            "minecraft:ironbo"
          ]
        }
      },
      "minecraft:wolverineu": {
        "add": {
          "component_groups": [
            "minecraft:wolverineu"
          ]
        }
      },
      "event_power": {
      	"add":{
      		"component_groups": ["minecraft:pw"]
      	}
      },
      "event_poweru": {
      	"add":{
      		"component_groups": ["minecraft:pwu"]
      	}
      },
      "event_powert": {
      	"add":{
      		"component_groups": ["minecraft:pwt"]
      	}
      },
      "event_powerq": {
      	"add":{
      		"component_groups": ["minecraft:pwq"]
      	}
      },
      "event_powerc": {
      	"add":{
      		"component_groups": ["minecraft:pwc"]
      	}
      },
      "event_powers": {
      	"add":{
      		"component_groups": ["minecraft:pws"]
      	}
      },
      "minecraft:gain_bad_omen": {
        "add": {
          "component_groups": [
            "minecraft:add_bad_omen"
          ]
        }
      },
      "minecraft:clear_add_bad_omen": {
        "remove": {
          "component_groups": [
            "minecraft:add_bad_omen"
          ]
        },
        "add": {
          "component_groups": [
            "minecraft:clear_bad_omen_spell_effect"
          ]
        }
      },
      "minecraft:trigger_raid": {
        "add": {
          "component_groups": [ "minecraft:raid_trigger" ]
        }
      },
      "minecraft:remove_raid_trigger": {
        "remove": {
          "component_groups": [ "minecraft:raid_trigger" ]
        }
      }
    }
  }
}