{
  "format_version": "1.8.0",
  "minecraft:entity": {
    "description": {
      "identifier": "spiderman:robber",
      "is_spawnable": true,
      "is_summonable": true,
      "is_experimental": false
    },
    "component_groups": {

    },
    "components": {
      "minecraft:type_family": {
        "family": [ "robber", "villan" ]
      },
      "minecraft:loot": {
        "table": "loot_tables/entities/bat1.json"
      },
      "minecraft:collision_box": {
        "width": 0.6,
        "height": 0.8
      },
	"minecraft:health": {
	   "value": 90,
	   "max": 90
	},
      "minecraft:can_climb": {
      },
      "minecraft:movement": {
        "value": 0.3
      },
      "minecraft:attack": {
        "damage": 7
      },
      "minecraft:navigation.walk": {
        "can_path_over_water": true,
        "avoid_damage_blocks": true
      },
      "minecraft:movement.basic": {
        
      },
      "minecraft:jump.static": {
      },
      "minecraft:behavior.float": {
        "priority": 0
      },
      "minecraft:breathable": {
        "totalSupply": 15,
        "suffocateTime": -1,
        "inhaleTime": 3.75,
        "generatesBubbles": false
      },
      "minecraft:nameable": {
      },
        "minecraft:behavior.ranged_attack": {
          "attack_interval_min": 1,
          "attack_interval_max": 3,
          "attack_radius": 15
        },
        "minecraft:shooter": {
          "type": "bala",
          "def": "ntek:bala"
        },
      "minecraft:behavior.random_stroll": {
        "priority": 6,
        "speed_multiplier": 1
      },
      "minecraft:behavior.look_at_player": {
        "priority": 7,
        "look_distance": 6,
        "probability": 0.02
      },
      "minecraft:behavior.random_look_around": {
        "priority": 7
      },
      "minecraft:behavior.hurt_by_target": {
        "priority": 1
      },
      "minecraft:behavior.nearest_attackable_target": {
        "priority": 2,
        "within_radius": 25,
        "reselect_targets": true,
        "entity_types": [
          {
            "filters": {
              "any_of": [
                {
                  "test": "is_family",
                  "subject": "other",
                  "value": "player"
                }
              ]
            },
            "max_dist": 8
          },
          {
            "filters": {
              "all_of": [
                {
                  "test": "is_family",
                  "subject": "other",
                  "value": "police"
                },
                {
                  "test": "in_water",
                  "subject": "other",
                  "operator": "!=",
                  "value": true
                }
              ]
            },
            "max_dist": 8
          }
        ],
        "must_see": true,
        "must_see_forget_duration": 17.0
      },
      "minecraft:physics": {
      },
      "minecraft:scaffolding_climber": { }
    },
    "events": {
      "minecraft:entity_born": {
        "randomize": [
          {
            "weight": 34,
            "add": {
              "component_groups": [
                "minecraft:var0"
              ]
            }
          },
          {
            "weight": 33,
            "add": {
              "component_groups": [
                "minecraft:var1"
              ]
            }
          },
          {
            "weight": 33,
            "add": {
              "component_groups": [
                "minecraft:var2"
              ]
            }
          }
        ]
      },
      "minecraft:entity_spawned": {
        "randomize": [
          {
            "weight": 34,
            "add": {
              "component_groups": [
                "minecraft:var0"
              ]
            }
          },
          {
            "weight": 33,
            "add": {
              "component_groups": [
                "minecraft:var1"
              ]
            }
          },
          {
            "weight": 33,
            "add": {
              "component_groups": [
                "minecraft:var2"
              ]
            }
          }
        ]
      },
      "minecraft:entity_transformed": {
        "randomize": [
          {
            "weight": 34,
            "add": {
              "component_groups": [
                "minecraft:var0"
              ]
            }
          },
          {
            "weight": 33,
            "add": {
              "component_groups": [
                "minecraft:var1"
              ]
            }
          },
          {
            "weight": 33,
            "add": {
              "component_groups": [
                "minecraft:var2"
              ]
            }
          }
        ]
      }
    }
  }
}
