{
	"minecraft:entity": {
		"format_version": "1.2.0",
	
		"components_groups": {
			 "minecraft:secondhit": {
			 	"minecraft:projectile": {
				"onHit": {
					
					
					"impact_damage": {
						"damage": 0,
						"knockback": false,
						"semirandomdiffdamage": false,
						"destroyonhit": false
					},
					"stick_in_ground": {
						"shake_time" : 0
					},
					"arrow_effect": {
					}
				},
				"liquid_inertia": 0.99,
				"hitSound": "item.trident.hit",
				"hitGroundSound": "item.trident.hit_ground",
				"power": 4,
				"gravity": 0.01,
				"uncertaintyBase": 0,
				"uncertaintyMultiplier": 0,
				"stopOnHurt": true,
				"anchor": 1,
				"shouldbounce": true,
				"offset": [ 0, -0.1, 0 ]
			   }
			 }
		},
		
		"components": {
			"minecraft:identifier": {
				"id": "minecraft:thrown_trident"
			},
			"minecraft:collision_box": {
				"width": 0.25,
				"height": 0.35
			},
			
			
			
			"minecraft:projectile": {
				"onHit": {
					
					"definition_event": {
      "affectProjectile": true,
      "eventTrigger": {
            "event": "minecraft:secondhit",
            "target": "self"
      }
     },
					"spawn_chance": {
            "firstSpawnPercentChance": 100.0,
            "firstSpawnCount": 1,
            "spawnDefinition": "minecraft:lightning_bolt"
          },
					
					"impact_damage": {
						"damage": 8,
						"knockback": true,
						"semirandomdiffdamage": false,
						"destroyonhit": false
					},
					"stick_in_ground": {
						"shake_time" : 0
					},
					"arrow_effect": {
					}
				},
				"liquid_inertia": 0.99,
				"hitSound": "item.trident.hit",
				"hitGroundSound": "item.trident.hit_ground",
				"power": 4,
				"gravity": 0.10,
				"uncertaintyBase": 0,
				"uncertaintyMultiplier": 0,
				"stopOnHurt": true,
				"anchor": 1,
				"shouldbounce": true,
				"offset": [ 0, -0.1, 0 ]
			},
			"minecraft:physics": {
			}
		},
		
		"events": {
   "minecraft:secondhit": {
    "add": {
     "component_groups": [
      "minecraft:secondhit"
     ]
    }
   }
  }
		
	}
}