{
  "format_version": "1.8.0",
  "minecraft:entity": {
    "description": {
      "identifier": "spiderman:venoms",
      "is_spawnable": true,
      "is_summonable": true,
      "is_experimental": false
    },
    "component_groups": {
      "coringa": {
        "minecraft:tameable": {
          "probability": 100,
          "tameItems": [ "nada" ],
          "tame_event": {
            "event": "minecraft:on_tame",
            "target": "self"
            }
        },
        "minecraft:movement": {
          "value": 0.25
        }
      },

      "palhaço": {
      "minecraft:is_tamed": {},
          "minecraft:behavior.follow_owner": {
          "priority": 6,
          "speed_multiplier": 1.0,
          "start_distance": 12,
          "stop_distance": 3
        },
       "minecraft:behavior.owner_hurt_by_target": {
        "priority": 1,
        "entity_types": [
          {
            "filters": { "other_without_families": "robber" }
          }
        ]
      },
       "minecraft:behavior.owner_hurt_target": {
        "priority": 2,
        "entity_types": [
          {
            "filters": { "other_without_families": "robber" }
          }
        ]
      }
      }
    },

    "components": {
      "minecraft:nameable": {
        "alwaysShow": true,
        "allowNameTagRenaming": true
      },
      "minecraft:breathable": {
        "totalSupply": 15,
        "suffocateTime": 0,
        "breathesWater": true
      },
      "minecraft:health": {
        "value": 200,
        "max": 200
      },
      "minecraft:collision_box": {
        "width": 0.6,
        "height": 0.8
      },
      "minecraft:attack": {
        "damage": 5
      },
      "minecraft:loot": {
        "table": "loot_tables/entities/venoms.json"
      },
      "minecraft:equipment": {
        "table": "loot_tables/entities/ntek.json"
      },
      "minecraft:movement": {
        "value": 0.25
      },
      "minecraft:navigation.walk": {
        "can_path_over_water": true,
        "can_pass_doors": true,
        "can_open_doors": true,
        "avoid_water": true
      },
      "minecraft:movement.basic": {
      },
      "minecraft:jump.static": {
      },
      "minecraft:can_climb": {
      },
      "minecraft:scale": {
        "value": 1.2
      },
      "minecraft:behavior.hurt_by_target": {
        "priority": 1,
        "entity_types": {
          "filters": { "test": "is_family", "subject": "other", "operator": "!=", "value": "player" }
        }
      },
        "minecraft:behavior.trade_with_player": {
        "priority": 1
      },
      "minecraft:behavior.nearest_attackable_target": {
        "priority": 2,
        "reselect_targets": true,
        "entity_types": [
          {
            "filters": {
              "test": "is_family",
              "subject": "other",
              "value": "player"
            },
            "max_dist": 10
          },
          {
            "filters": {
              "test": "is_family",
              "subject": "other",
              "value": "carnage"
            },
            "max_dist": 10
          },
          {
            "filters": {
              "all_of": [
                {
                  "test": "is_family",
                  "subject": "other",
                  "value": "police"
                },
                {
                  "test": "in_water",
                  "subject": "other",
                  "operator": "!=",
                  "value": true
                }
              ]
            },
            "max_dist": 10
          }
        ],
        "must_see": true
      },
      "minecraft:behavior.melee_attack": {
        "priority": 4,
        "target_dist": 1.2,
        "speed_multiplier": 1.25,
        "track_target": true
      },
          "minecraft:behavior.avoid_mob_type": {
          "priority": 3,
          "entity_types": [
            {
              "filters": {
                "any_of": [
                  { "test" :  "is_family", "subject" : "other", "value" :  "creeper"},
                  { "test" :  "is_family", "subject" : "other", "value" :  "ravager"}
                ]
              },
              "max_dist": 10,
              "walk_speed_multiplier": 1.2,
              "sprint_speed_multiplier": 1.4
            }
          ]
        },
      "minecraft:behavior.random_stroll": {
        "priority": 5,
        "speed_multiplier": 1
      },
        "minecraft:behavior.restrict_open_door": {
        "priority": 5
      },
      "minecraft:behavior.open_door": {
        "priority": 6,
        "close_door_after": true
      },
      "minecraft:behavior.look_at_player": {
        "priority": 6,
        "look_distance": 8
      },
      "minecraft:behavior.random_look_around": {
        "priority": 6
      },
      "minecraft:type_family": {
        "family": [ "joker", "villans" ]
      },
      "minecraft:physics": {
      }
    },

    "events": {
      "minecraft:entity_spawned": {
        "remove": {
        },
        "add": {
          "component_groups": [
            "coringa"
          ]
        }
      },
      "minecraft:on_tame": {
        "remove": {
          "component_groups": [
            "coringa"
          ]
        },
        "add": {
          "component_groups": [
            "palhaço"
          ]
        }
      },
      "null": {
        "remove": {
          "component_groups": [
            "palhaço"
          ]
        },
        "add": {
          "component_groups": [
            "coringa"
          ]
        }
      }
    }
  }
}