{
  "resource_pack_name": "vanilla",
  "texture_name": "atlas.items",
  "texture_data": {
    "spiderman": {
      "textures": "textures/items/spiderman"
    },
    "miles": {
      "textures": "textures/items/miles"
    },
    "gwen": {
      "textures": "textures/items/gwen"
    },
    "sandman": {
      "textures": "textures/items/sandman"
    },
    "areia": {
      "textures": "textures/items/areia"
    },
    "globin": {
      "textures": "textures/items/globin"
    },
    "bomb": {
      "textures": "textures/items/bomb"
    },
    "mysterio": {
      "textures": "textures/items/mysterio"
    },
    "lizard": {
      "textures": "textures/items/lizard"
    },
    "carnage": {
      "textures": "textures/items/carnage"
    },
    "venom": {
      "textures": "textures/items/venom"
    },
    "stanlee": {
      "textures": "textures/items/stanlee"
    },
    "power": {
      "textures": "textures/items/power"
    },
    "poweru": {
      "textures": "textures/items/poweru"
    },
    "powert": {
      "textures": "textures/items/powert"
    },
    "ironspider": {
      "textures": "textures/items/ironspider"
    },
    "symbiote": {
      "textures": "textures/items/symbiote"
    },
    "scarlet": {
      "textures": "textures/items/scarlet"
    },
    "alien": {
      "textures": "textures/items/alien"
    },
    "punk": {
      "textures": "textures/items/punk"
    },
    "future": {
      "textures": "textures/items/future"
    },
    "miguel": {
      "textures": "textures/items/miguel"
    },
    "doctor": {
      "textures": "textures/items/doctor"
    },
    "kingpin": {
      "textures": "textures/items/kingpin"
    },
    "powerc": {
      "textures": "textures/items/powerc"
    },
    "robber": {
      "textures": "textures/items/robber"
    },
    "police": {
      "textures": "textures/items/police"
    },
    "powerq": {
      "textures": "textures/items/powerq"
    },
    "cameraa": {
      "textures": "textures/items/cameraa"
    },
    "photo": {
      "textures": "textures/items/photo"
    },
    "dna": {
      "textures": "textures/items/dna"
    },
    "milesd": {
      "textures": "textures/items/milesd"
    },
    "milest": {
      "textures": "textures/items/milest"
    },
    "hulk": {
      "textures": "textures/items/hulk"
    },
    "hulkred": {
      "textures": "textures/items/hulkred"
    },
    "ironman": {
      "textures": "textures/items/ironman"
    },
    "thor": {
      "textures": "textures/items/thor"
    },
    "antman": {
      "textures": "textures/items/antman"
    },
    "captain": {
      "textures": "textures/items/captain"
    },
    "wolverine": {
      "textures": "textures/items/wolverine"
    },
    "shrink": {
      "textures": "textures/items/shrink"
    },
    "enlarge": {
      "textures": "textures/items/enlarge"
    }
  }
}