{
  "format_version":"1.8.0",
  "minecraft:client_entity": {
    "description": {
      "identifier": "ntek:npc_p",
      "materials": {
        "default": "entity_alphatest"
      },
      "textures": {
		"sp0": "textures/npc/skin1",
		"sp1": "textures/npc/skin2",
		"sp2": "textures/npc/skin3",
		"sp3": "textures/npc/skin4",
		"sp4": "textures/npc/skin5",
		"sp5": "textures/npc/skin6",
		"sp6": "textures/npc/skin7",
		"sp7": "textures/npc/skin8",
		"sp8": "textures/npc/skin9",
		"sp9": "textures/entity/spiderman",
		"sp10": "textures/entity/symbiote",
		"sp11": "textures/entity/miles",
		"sp12": "textures/entity/gwen",
		"sp13": "textures/npc/skin10",
		"sp14": "textures/npc/skin11",
		"sp15": "textures/npc/skin12",
		"sp16": "textures/npc/skin13",
		"sp17": "textures/npc/skin14",
		"sp18": "textures/npc/skin15"
      },
      "geometry": {
        "sp0": "geometry.female",
		"sp1": "geometry.female",
		"sp2": "geometry.female",
		"sp3": "geometry.steve",
		"sp4": "geometry.steve",
		"sp5": "geometry.steve",
		"sp6": "geometry.steve",
		"sp5": "geometry.steve",
		"sp7": "geometry.female",
		"sp8": "geometry.steve",
		"sp9": "geometry.sp",
		"sp10": "geometry.sp",
		"sp11": "geometry.sp",
		"sp12": "geometry.gwenn",
		"sp13": "geometry.steve",
		"sp14": "geometry.steve",
		"sp15": "geometry.steve",
		"sp16": "geometry.steve",
		"sp17": "geometry.steve",
		"sp18": "geometry.steve"
      },
      "scripts": {
        "pre_animation": [
          "variable.tcos0 = (Math.cos(query.modified_distance_moved * 38.17) * query.modified_move_speed / variable.gliding_speed_value) * 57.3;",
          "variable.tcos1 = -variable.tcos0;",
          "variable.attack_body_rot_y = Math.sin(Math.sqrt(variable.attack_time) * 360.0) * 11.46;",
          "variable.cos_attack_body_rot_y = Math.cos(variable.attack_body_rot_y);",
          "variable.sin_attack_body_rot_y = Math.sin(variable.attack_body_rot_y);",
          "variable.internal_swim_pos = Math.mod(query.modified_distance_moved, 26.0);",
          "variable.attack = Math.sin((1.0 - (1.0 - variable.attack_time) * (1.0 - variable.attack_time)) * 180.0);",
          "variable.attack2 = Math.sin(variable.attack_time * 180.0);"
        ]
      },
      
      "animations": {
        "look_at_target_default": "animation.humanoid.look_at_target.default",
        "look_at_target_gliding": "animation.humanoid.look_at_target.gliding",
        "look_at_target_swimming": "animation.humanoid.look_at_target.swimming",
       "move": "animation.humanoid.move",
        "riding.arms": "animation.humanoid.riding.arms",
        "riding.legs": "animation.humanoid.riding.legs",
        "holding": "animation.humanoid.holding",
        "brandish_spear": "animation.humanoid.brandish_spear",
        "charging": "animation.humanoid.charging",
        "attack.rotations": "animation.humanoid.attack.rotations",
        "sneaking": "animation.humanoid.sneaking",
        "bob": "animation.humanoid.bob",
        "damage_nearby_mobs": "animation.humanoid.damage_nearby_mobs",
        "bow_and_arrow": "animation.humanoid.bow_and_arrow",
        "swimming": "animation.humanoid.swimming",
        "use_item_progress": "animation.humanoid.use_item_progress",
        "skeleton_attack": "animation.skeleton.attack",
        "ayow" : "animation.npc_wn.ayow" 
      },
      "animation_controllers": [
        { "look_at_target": "controller.animation.humanoid.look_at_target" },
        { "move": "controller.animation.humanoid.move" },
        { "riding": "controller.animation.humanoid.riding" },
        { "holding": "controller.animation.humanoid.holding" },
        { "brandish_spear": "controller.animation.humanoid.brandish_spear" },
        { "charging": "controller.animation.humanoid.charging" },
        { "attack": "controller.animation.humanoid.attack" },
        { "sneaking": "controller.animation.humanoid.sneaking" },
        { "bob": "controller.animation.humanoid.bob" },
        { "damage_nearby_mobs": "controller.animation.humanoid.damage_nearby_mobs" },
        { "bow_and_arrow": "controller.animation.humanoid.bow_and_arrow" },
        { "swimming": "controller.animation.humanoid.swimming" },
        { "use_item_progress": "controller.animation.humanoid.use_item_progress" },
        { "skeleton_attack": "controller.animation.skeleton.attack" },
         {"okay" : "controller.animation.npc_wn.okay"}
      ],
      "render_controllers": [ "controller.render.npc_p" ],
      "spawn_egg": {
        "texture": "spawn_egg",
        "texture_index": 35
      }
    }
  }
}