{
	"format_version": "1.10.0",
	"geometry.cameraa": {
		"texturewidth": 128,
		"textureheight": 128,
		"visible_bounds_width": 3,
		"visible_bounds_height": 3,
		"visible_bounds_offset": [0, 1.5, 0],
		"bones": [
			{
				"name": "rightArm",
				"pivot": [-5, 22, 0],
				"cubes": [
					{"origin": [-8, 11, -3], "size": [4, 2, 6], "uv": [24, 16], "inflate": 0.1},
					{"origin": [-8.5, 11.8, 2], "size": [1, 1, 1], "uv": [17, 18]},
					{"origin": [-7, 10, -1], "size": [2, 1, 2], "uv": [0, 0], "inflate": 0.1}
				]
			}
		]
	}
}