{
	"format_version": "1.12.0",
	"minecraft:geometry": [
		{
			"description": {
				"identifier": "geometry.carn",
				"texture_width": 64,
				"texture_height": 64,
				"visible_bounds_width": 3,
				"visible_bounds_height": 4.5,
				"visible_bounds_offset": [0, 0.75, 0]
			},
			"bones": [
				{
					"name": "body",
					"pivot": [0, 24, 0],
					"cubes": [
						{"origin": [-5, 21, -3], "size": [5, 6, 6], "inflate": 0.3, "pivot": [0, 1, -1], "rotation": [3, 0, 0], "uv": [14, 14]},
						{"origin": [0, 21, -3], "size": [5, 6, 6], "inflate": 0.3, "pivot": [5, 1, -1], "rotation": [3, 0, 0], "uv": [14, 14], "mirror": true},
						{"origin": [-4, 26, -4], "size": [8, 8, 8], "inflate": -0.6, "pivot": [-2, 8, -2], "rotation": [8, 0, 0], "uv": [0, 0]},
						{"origin": [-4, 13, 0], "size": [8, 10, 4], "inflate": 0.15, "pivot": [0, -1, 0], "rotation": [10, 0, 0], "uv": [16, 17]},
						{"origin": [-4, 15, -3], "size": [8, 8, 4], "pivot": [0, -1, -3], "rotation": [-2.5, 0, 0], "uv": [16, 19]}
					]
				},
				{
					"name": "rightleg",
					"pivot": [-1.9, 12, 0],
					"cubes": [
						{"origin": [-5.3, 7.9, -5], "size": [4, 6, 4], "pivot": [-1, 0, -2], "rotation": [-10, 0, 5], "uv": [0, 16]},
						{"origin": [-5.3, 0, -3], "size": [4, 9, 4], "inflate": 0.1, "pivot": [-1, 0, 0], "rotation": [5, 0, 5], "uv": [0, 19]}
					]
				},
				{
					"name": "leftleg",
					"pivot": [1.9, 12, 0],
					"cubes": [
						{"origin": [0.3, 8, -5], "size": [4, 6, 4], "pivot": [1, 0, -2], "rotation": [-10, 0, 0], "uv": [16, 48]},
						{"origin": [1, 0, -3], "size": [4, 9, 4], "inflate": 0.1, "pivot": [0, 0, 0], "rotation": [5, 0, -5], "uv": [16, 51]}
					]
				},
				{
					"name": "leftarm",
					"pivot": [4, 22, 0],
					"cubes": [
						{"origin": [9, 16, -4], "size": [4, 9, 4], "inflate": 0.1, "pivot": [-1, 0, -1], "rotation": [-5, 5, -10], "uv": [40, 16]},
						{"origin": [9, 8, -4], "size": [4, 8, 4], "pivot": [-1, 0, -1], "rotation": [-5, 5, -10], "uv": [40, 20]}
					]
				},
				{
					"name": "rightarm",
					"pivot": [-4, 23, 0],
					"cubes": [
						{"origin": [-13, 16, -3], "size": [4, 10, 4], "inflate": 0.1, "pivot": [-4, 0, 0], "rotation": [0, 0, 10], "uv": [40, 16], "mirror": true},
						{"origin": [-13, 9, -3], "size": [4, 8, 4], "pivot": [-4, 0, 0], "rotation": [0, 0, 10], "uv": [40, 20], "mirror": true}
					]
				}
			]
		}
	]
}