{
	"format_version": "1.10.0",
	"geometry.claw": {
		"texturewidth": 64,
		"textureheight": 64,
		"visible_bounds_width": 3,
		"visible_bounds_height": 2,
		"visible_bounds_offset": [0, 0, 0],
		"bones": [
			{
				"name": "leftArm",
				"pivot": [5, 22, 0],
				"cubes": [
					{"origin": [8, 8, 2], "size": [1, 8, 1], "uv": [16, 0]},
					{"origin": [8, 8, 0], "size": [1, 8, 1], "uv": [4, 16]},
					{"origin": [8, 8, -2], "size": [1, 8, 1], "uv": [16, 6]}
				]
			},
			{
				"name": "rightArm",
				"pivot": [-5, 22, 0],
				"cubes": [
					{"origin": [-9, 8, 2], "size": [1, 8, 1], "uv": [20, 0]},
					{"origin": [-9, 8, -2], "size": [1, 8, 1], "uv": [8, 16]},
					{"origin": [-9, 8, 0], "size": [1, 8, 1], "uv": [0, 16]}
				]
			}
		]
	}
}