{
	"format_version": "1.10.0",
	"geometry.electro": {
		"texturewidth": 64,
		"textureheight": 64,
		"visible_bounds_width": 3,
		"visible_bounds_height": 3,
		"visible_bounds_offset": [0, 1.5, 0],
		"bones": [
			{
				"name": "head",
				"pivot": [0, 24, 0],
				"cubes": [
					{"origin": [-4, 24, -4], "size": [8, 8, 8], "uv": [0, 0], "inflate": 0.02},
					{"origin": [-1, 32, -4.2], "size": [3, 2, 1], "uv": [24, 40], "inflate": 0.02},
					{"origin": [-2, 34, -4.2], "size": [3, 2, 1], "uv": [24, 40], "inflate": 0.02},
					{"origin": [-1, 36, -4.2], "size": [3, 1, 1], "uv": [24, 40], "inflate": 0.02},
					{"origin": [0, 37, -4.2], "size": [1, 2, 1], "uv": [24, 40], "inflate": 0.02},
					{"origin": [1, 37, -4.2], "size": [1, 1, 1], "uv": [24, 40], "inflate": 0.02},
					{"origin": [-4, 24, -4], "size": [8, 8, 8], "uv": [32, 0], "inflate": 0.2},
					{"origin": [4, 26, -4], "size": [1, 3, 1], "uv": [25, 40], "inflate": 0.02},
					{"origin": [5, 27, -3], "size": [1, 3, 1], "uv": [25, 40], "inflate": 0.02},
					{"origin": [6, 29, -2], "size": [1, 1, 1], "uv": [25, 40], "inflate": 0.02},
					{"origin": [-7, 29, -2], "size": [1, 1, 1], "uv": [25, 40], "inflate": 0.02},
					{"origin": [-6, 27, -3], "size": [1, 3, 1], "uv": [25, 40], "inflate": 0.02},
					{"origin": [-5, 26, -4], "size": [1, 3, 1], "uv": [25, 40], "inflate": 0.02}
				]
			},
			{
				"name": "body",
				"pivot": [0, 24, 0],
				"cubes": [
					{"origin": [-4, 12, -2], "size": [8, 12, 4], "uv": [16, 16], "inflate": 0.03}
				]
			},
			{
				"name": "rightLeg",
				"pivot": [-1.9, 12, 0],
				"cubes": [
					{"origin": [-4, 0, -2], "size": [4, 12, 4], "uv": [0, 16]}
				]
			},
			{
				"name": "leftLeg",
				"pivot": [1.9, 12, 0],
				"cubes": [
					{"origin": [0, 0, -2], "size": [4, 12, 4], "uv": [0, 16], "mirror": true}
				]
			},
			{
				"name": "leftArm",
				"pivot": [5, 22, 0],
				"cubes": [
					{"origin": [4, 12, -2], "size": [4, 12, 4], "uv": [40, 16], "inflate": 0.02, "mirror": true},
					{"origin": [9, 15, 0], "size": [1, 3, 1], "uv": [26, 39], "inflate": 0.02, "mirror": true},
					{"origin": [10, 17, 0], "size": [1, 2, 1], "uv": [26, 39], "inflate": 0.02, "mirror": true},
					{"origin": [8, 14, 0], "size": [1, 3, 1], "uv": [26, 39], "inflate": 0.02, "mirror": true}
				]
			},
			{
				"name": "rightArm",
				"pivot": [-5, 22, 0],
				"cubes": [
					{"origin": [-8, 12, -2], "size": [4, 12, 4], "uv": [40, 16], "inflate": 0.02},
					{"origin": [-9, 14, 0], "size": [1, 3, 1], "uv": [25, 39], "inflate": 0.02},
					{"origin": [-10, 15, 0], "size": [1, 3, 1], "uv": [25, 39], "inflate": 0.02},
					{"origin": [-11, 17, 0], "size": [1, 2, 1], "uv": [25, 39], "inflate": 0.02}
				]
			}
		]
	}
}