{
	"format_version": "1.12.0",
	"minecraft:geometry": [
		{
			"description": {
				"identifier": "geometry.gwenn",
				"texture_width": 64,
				"texture_height": 32,
				"visible_bounds_width": 3,
				"visible_bounds_height": 3,
				"visible_bounds_offset": [0, 1.5, 0]
			},
			"bones": [
				{
					"name": "head",
					"pivot": [0, 24, 0],
					"cubes": [
						{"origin": [-4, 24, -4], "size": [8, 8, 8], "uv": [0, 0]},
						{"origin": [-4, 24, -1.5], "size": [0, 8, 8], "inflate": 0.5, "pivot": [0, 0, 2], "rotation": [5, 0, 0], "uv": [40, 0]},
						{"origin": [4, 24, -1.5], "size": [0, 8, 8], "inflate": 0.5, "pivot": [8, 0, 2], "rotation": [5, 0, 0], "uv": [40, 0]},
						{"origin": [-3, 24, 6.5], "size": [6, 8, 0], "inflate": 0.5, "pivot": [7, 0, 2], "rotation": [5, 0, 0], "uv": [42, 7]},
						{"origin": [-4, 31.5, -2], "size": [8, 1, 8], "pivot": [7, 0, 2], "rotation": [5, 0, 0], "uv": [32, 7]},
						{"origin": [-3, 24, 4.5], "size": [6, 0, 2], "inflate": 0.5, "pivot": [7, 0, 2], "rotation": [5, 0, 0], "uv": [40, 11]}
					]
				},
				{
					"name": "body",
					"pivot": [0, 24, 0],
					"cubes": [
						{"origin": [-4, 12, -2], "size": [8, 12, 4], "inflate": 0.03, "uv": [16, 16]}
					]
				},
				{
					"name": "rightLeg",
					"pivot": [-1.9, 12, 0],
					"cubes": [
						{"origin": [-4, 0, -2], "size": [4, 12, 4], "uv": [0, 16]}
					]
				},
				{
					"name": "leftLeg",
					"pivot": [1.9, 12, 0],
					"cubes": [
						{"origin": [0, 0, -2], "size": [4, 12, 4], "uv": [0, 16], "mirror": true}
					]
				},
				{
					"name": "leftArm",
					"pivot": [5, 22, 0],
					"cubes": [
						{"origin": [4, 12, -2], "size": [3, 12, 4], "inflate": 0.02, "uv": [40, 16], "mirror": true}
					]
				},
				{
					"name": "rightArm",
					"pivot": [-5, 22, 0],
					"cubes": [
						{"origin": [-7, 12, -2], "size": [3, 12, 4], "inflate": 0.02, "uv": [40, 16]}
					]
				}
			]
		}
	]
}