{
	"format_version": "1.12.0",
	"minecraft:geometry": [
		{
			"description": {
				"identifier": "geometry.hulkredd",
				"texture_width": 64,
				"texture_height": 64,
				"visible_bounds_width": 3,
				"visible_bounds_height": 4.5,
				"visible_bounds_offset": [0, 0.75, 0]
			},
			"bones": [
				{
					"name": "body",
					"pivot": [0, 24, 0],
					"cubes": [
						{"origin": [-4, 21, -2], "size": [8, 4, 3], "inflate": 1.51, "pivot": [0, 1, 0], "rotation": [3, 0, 0], "uv": [17, 17]},
						{"origin": [-4, 20, 0.12], "size": [8, 4, 2], "inflate": 1.5, "pivot": [0, 0, 0], "rotation": [3, 0, 0], "uv": [20, 25]},
						{"origin": [-4, 25, -4], "size": [8, 8, 8], "inflate": -0.6, "pivot": [-2, 7, -2], "rotation": [8, 0, 0], "uv": [0, 0]},
						{"origin": [-4, 25, -4], "size": [8, 8, 8], "inflate": -0.5, "pivot": [-2, 7, -2], "rotation": [8, 0, 0], "uv": [32, 0]},
						{"origin": [-4, 14, -3.4], "size": [8, 5, 4], "inflate": 0.53, "pivot": [0, -1, -2], "rotation": [-4.1, 0, 0], "uv": [16, 21]},
						{"origin": [-4, 15, -1.2], "size": [8, 4, 4], "inflate": 0.7, "pivot": [0, -1, -1], "rotation": [5, 0, 0], "uv": [16, 21]},
						{"origin": [-4.5, 20, -2], "size": [3, 1, 4], "inflate": 1.15, "pivot": [0, -6, 0], "rotation": [3, 0, 0], "uv": [17, 24]},
						{"origin": [1.5, 20, -2], "size": [3, 1, 4], "inflate": 1.15, "pivot": [6, -6, 0], "rotation": [3, 0, 0], "uv": [17, 24], "mirror": true}
					]
				},
				{
					"name": "rightleg",
					"pivot": [-1.9, 12, 0],
					"rotation": [0, 0, -5],
					"cubes": [
						{"origin": [-5.3, 7.9, -5], "size": [4, 5, 4], "inflate": 0.5, "pivot": [0, 0, 0], "rotation": [-10, 0, 5], "uv": [0, 16]},
						{"origin": [-5.3, 7.9, -5], "size": [4, 5, 4], "inflate": 0.7, "pivot": [0, 0, 0], "rotation": [-10, 0, 5], "uv": [0, 32]},
						{"origin": [-5.3, 0, -3], "size": [4, 8, 4], "inflate": 0.5, "pivot": [0, 0, 0], "rotation": [5, 0, 5], "uv": [0, 20]}
					]
				},
				{
					"name": "leftleg",
					"pivot": [1.9, 12, 0],
					"rotation": [0, 0, 5],
					"cubes": [
						{"origin": [1.3, 7.9, -5], "size": [4, 5, 4], "inflate": 0.5, "pivot": [0, 0, 0], "rotation": [-10, 0, -5], "uv": [16, 48]},
						{"origin": [1.3, 7.9, -5], "size": [4, 5, 4], "inflate": 0.7, "pivot": [0, 0, 0], "rotation": [-10, 0, -5], "uv": [0, 48]},
						{"origin": [1.3, 0, -3], "size": [4, 8, 4], "inflate": 0.5, "pivot": [0, 0, 0], "rotation": [5, 0, -5], "uv": [0, 20], "mirror": true}
					]
				},
				{
					"name": "leftarm",
					"pivot": [5, 22, 0],
					"cubes": [
						{"origin": [9.4, 16, -4], "size": [4, 8, 4], "inflate": 0.53, "pivot": [0, 0, 0], "rotation": [-5, 5, -10], "uv": [40, 16], "mirror": true},
						{"origin": [9.4, 20, -4], "size": [4, 4, 4], "inflate": 0.8, "pivot": [0, 0, 0], "rotation": [-5, 5, -10], "uv": [40, 16], "mirror": true},
						{"origin": [6.4, 10, -7.5], "size": [4, 7, 4], "inflate": 0.45, "pivot": [0, 0, 0], "rotation": [-15, 5, 0], "uv": [40, 20], "mirror": true}
					]
				},
				{
					"name": "rightarm",
					"pivot": [-5, 22, 0],
					"cubes": [
						{"origin": [-13.5, 16, -4], "size": [4, 8, 4], "inflate": 0.55, "pivot": [0, 0, 1], "rotation": [-5, -5, 10], "uv": [40, 16]},
						{"origin": [-13.5, 20, -4], "size": [4, 4, 4], "inflate": 0.8, "pivot": [0, 0, 1], "rotation": [-5, -5, 10], "uv": [40, 16]},
						{"origin": [-10.4, 10, -7.5], "size": [4, 7, 4], "inflate": 0.45, "pivot": [0, 0, 0], "rotation": [-15, -5.3, 0], "uv": [40, 20]}
					]
				}
			]
		}
	]
}