{
	"format_version": "1.10.0",
	"geometry.ironbo": {
		"texturewidth": 64,
		"textureheight": 64,
		"visible_bounds_width": 11,
		"visible_bounds_height": 3,
		"visible_bounds_offset": [0, 1.5, 0],
		"bones": [
			{
				"name": "body",
				"pivot": [0, 24, 81],
				"cubes": [
					{"origin": [-1, 19, 68], "size": [2, 2, 11], "uv": [11, 34]},
					{"origin": [-1, 19, 57], "size": [2, 2, 11], "uv": [11, 34]},
					{"origin": [-1, 19, 46], "size": [2, 2, 11], "uv": [11, 34]},
					{"origin": [-1, 19, 35], "size": [2, 2, 11], "uv": [11, 34]},
					{"origin": [-1, 19, 24], "size": [2, 2, 11], "uv": [11, 34]},
					{"origin": [-1, 19, 13], "size": [2, 2, 11], "uv": [11, 34]},
					{"origin": [-1, 19, 2], "size": [2, 2, 11], "uv": [11, 34]}
				]
			},
			{
				"name": "leftArm",
				"pivot": [5, 22, 0],
				"cubes": [
					{"origin": [4, 12, -2], "size": [4, 12, 4], "uv": [32, 48]},
					{"origin": [4, 12, -2], "size": [4, 12, 4], "uv": [48, 48], "inflate": 0.25}
				]
			},
			{
				"name": "rightArm",
				"pivot": [-5, 22, 0],
				"cubes": [
					{"origin": [-8, 12, -2], "size": [4, 12, 4], "uv": [40, 16]}
				]
			}
		]
	}
}