{
	"format_version": "1.12.0",
	"minecraft:geometry": [
		{
			"description": {
				"identifier": "geometry.liza",
				"texture_width": 64,
				"texture_height": 64,
				"visible_bounds_width": 5,
				"visible_bounds_height": 4.5,
				"visible_bounds_offset": [0, 0.75, 0]
			},
			"bones": [
				{
					"name": "head",
					"pivot": [0, 24, 0],
					"cubes": [
						{"origin": [-4, 24, -4], "size": [8, 8, 8], "inflate": 0.11, "uv": [0, 0]},
						{"origin": [-4, 24, -2.5], "size": [8, 3, 8], "inflate": 0.1, "pivot": [9, 0, -4], "rotation": [5, 0, 0], "uv": [0, 5]},
						{"origin": [-4, 24, -2.5], "size": [8, 3, 8], "inflate": 0.25, "pivot": [26, 0, -4], "rotation": [5, 0, 0], "uv": [32, 5]},
						{"origin": [-2, 26, -3.5], "size": [4, 1, 1], "inflate": 0.26, "pivot": [0, 0, -4], "rotation": [5, 0, 0], "uv": [9, 12]},
						{"origin": [2, 26, -3.5], "size": [1, 1, 1], "inflate": 0.2, "pivot": [0, 0, -4], "rotation": [5, 0, 0], "uv": [9, 12]},
						{"origin": [-3, 26, -3.5], "size": [1, 1, 1], "inflate": 0.2, "pivot": [-5, 0, -4], "rotation": [5, 0, 0], "uv": [9, 12]},
						{"origin": [-2, 24, -3.5], "size": [2, 1, 1], "inflate": 0.15, "pivot": [2, 0, -4], "rotation": [5, 0, 0], "uv": [16, 6]},
						{"origin": [0, 24, -3.5], "size": [2, 1, 1], "inflate": 0.15, "pivot": [4, 0, -4], "rotation": [5, 0, 0], "uv": [16, 6]},
						{"origin": [0, 24, -8.5], "size": [2, 1, 3], "inflate": 0.15, "pivot": [4, 0, -10], "rotation": [-7.5, 0, 0], "uv": [14, 3]},
						{"origin": [-2, 24, -8.5], "size": [2, 1, 3], "inflate": 0.15, "pivot": [2, 0, -10], "rotation": [-7.5, 0, 0], "uv": [14, 3]},
						{"origin": [-4, 24, -4], "size": [8, 8, 8], "inflate": 0.2, "uv": [32, 0]}
					]
				},
				{
					"name": "body",
					"pivot": [0, 24, 0],
					"cubes": [
						{"origin": [-4, 18, 0], "size": [8, 6, 4], "inflate": 0.5, "pivot": [0, 0, 2], "rotation": [5, 0, 0], "uv": [16, 16]},
						{"origin": [-4, 18, 0], "size": [8, 6, 4], "inflate": 0.7, "pivot": [0, 0, 2], "rotation": [5, 0, 0], "uv": [16, 32]},
						{"origin": [-4, 12, -3], "size": [8, 6, 4], "pivot": [0, 0, 0], "rotation": [-5, 0, 0], "uv": [16, 22]},
						{"origin": [-4, 12, -3], "size": [8, 6, 4], "inflate": 0.26, "pivot": [0, 0, 0], "rotation": [-5, 0, 0], "uv": [16, 38]},
						{"origin": [-1, 7.5, 5], "size": [2, 2, 7], "inflate": 0.3, "pivot": [0, -2, -9], "rotation": [20, 0, 0], "uv": [0, 33]},
						{"origin": [-1, 15.9, 12], "size": [2, 2, 7], "inflate": 0.29, "pivot": [0, 7, 13], "rotation": [30, 0, 0], "uv": [0, 33]},
						{"origin": [-1, 19.7, 18], "size": [2, 2, 7], "inflate": 0.2, "pivot": [0, 11, 19], "rotation": [35, 0, 0], "uv": [0, 33]}
					]
				},
				{
					"name": "rightleg",
					"pivot": [-1.9, 12, 0],
					"cubes": [
						{"origin": [-4, 5, -4], "size": [4, 7, 4], "inflate": -0.1, "pivot": [0, 0, -2], "rotation": [-10, 0, 0], "uv": [0, 16]},
						{"origin": [-4, 5, -4], "size": [4, 7, 4], "inflate": 0.1, "pivot": [0, 0, -2], "rotation": [-10, 0, 0], "uv": [0, 48]},
						{"origin": [-4, 0, -2.3], "size": [4, 7, 4], "pivot": [0, 0, 0], "rotation": [5, 0, 0], "uv": [0, 21]},
						{"origin": [-4, 0, -2.3], "size": [4, 1, 4], "inflate": 0.1, "uv": [0, 50]},
						{"origin": [-4, 0, -3.3], "size": [1, 2, 1], "inflate": -0.1, "pivot": [0, 0, -4], "rotation": [-10, 0, 0], "uv": [0, 21]},
						{"origin": [-1, 0, -3.3], "size": [1, 2, 1], "inflate": -0.1, "pivot": [3, 0, -4], "rotation": [-10, 0, 0], "uv": [2, 3]}
					]
				},
				{
					"name": "leftleg",
					"pivot": [1.9, 12, 0],
					"cubes": [
						{"origin": [0, 5, -4], "size": [4, 7, 4], "inflate": -0.1, "pivot": [0, 0, -2], "rotation": [-10, 0, 0], "uv": [16, 48]},
						{"origin": [0, 5, -4], "size": [4, 7, 4], "inflate": 0.1, "pivot": [0, 0, -2], "rotation": [-10, 0, 0], "uv": [0, 48], "mirror": true},
						{"origin": [0, 0, -2.3], "size": [4, 7, 4], "pivot": [0, 0, 0], "rotation": [5, 0, 0], "uv": [16, 53]},
						{"origin": [0, 0, -2.3], "size": [4, 1, 4], "inflate": 0.1, "uv": [0, 50]},
						{"origin": [0, 0, -3.3], "size": [1, 2, 1], "inflate": -0.1, "pivot": [0, 0, -4], "rotation": [-10, 0, 0], "uv": [2, 3]},
						{"origin": [3, 0, -3.3], "size": [1, 2, 1], "inflate": -0.1, "pivot": [0, 0, -4], "rotation": [-10, 0, 0], "uv": [2, 3]}
					]
				},
				{
					"name": "leftarm",
					"pivot": [5, 22, 0],
					"rotation": [0, 0, -10],
					"cubes": [
						{"origin": [4, 18, -4], "size": [4, 6, 4], "pivot": [0, 0, -2], "rotation": [-5, 0, 0], "uv": [32, 48]},
						{"origin": [4, 13, -7], "size": [4, 6, 4], "inflate": -0.1, "pivot": [0, 1, -5], "rotation": [-15, 0, 0], "uv": [32, 54]},
						{"origin": [5, 12, -7.2], "size": [1, 3, 1], "inflate": -0.1, "pivot": [0, 1, -5], "rotation": [-15, 0, 0], "uv": [2, 2]},
						{"origin": [7.2, 12, -6.2], "size": [1, 3, 1], "inflate": -0.1, "pivot": [0, 1, -4], "rotation": [-15, 0, 0], "uv": [2, 2]},
						{"origin": [7.2, 11.5, -4.2], "size": [1, 3, 1], "inflate": -0.1, "pivot": [0, 1, -2], "rotation": [-15, 0, 0], "uv": [2, 2]}
					]
				},
				{
					"name": "rightarm",
					"pivot": [-5, 22, 0],
					"rotation": [0, 0, 10],
					"cubes": [
						{"origin": [-8, 18, -4], "size": [4, 6, 4], "pivot": [0, 0, -2], "rotation": [-5, 0, 0], "uv": [40, 16]},
						{"origin": [-8, 13, -7.2], "size": [4, 6, 4], "inflate": -0.1, "pivot": [0, 0, -5], "rotation": [-15, 0, 0], "uv": [40, 22]},
						{"origin": [-6, 13, -7.5], "size": [1, 3, 1], "inflate": -0.1, "pivot": [-1, 0, -9], "rotation": [-15, 0, 0], "uv": [2, 2]},
						{"origin": [-8.1, 13, -6.5], "size": [1, 3, 1], "inflate": -0.1, "pivot": [-3, 0, -8], "rotation": [-15, 0, 0], "uv": [2, 2]},
						{"origin": [-8.1, 12.5, -4.5], "size": [1, 3, 1], "inflate": -0.1, "pivot": [-3, 0, -6], "rotation": [-15, 0, 0], "uv": [2, 2]}
					]
				}
			]
		}
	]
}