{
	"format_version": "1.12.0",
	"minecraft:geometry": [
		{
			"description": {
				"identifier": "geometry.milesu",
				"texture_width": 64,
				"texture_height": 32,
				"visible_bounds_width": 3,
				"visible_bounds_height": 3,
				"visible_bounds_offset": [0, 1.5, 0]
			},
			"bones": [
				{
					"name": "leftArm",
					"pivot": [5, 22, 0],
					"cubes": [
						{"origin": [4, 12, -2], "size": [3, 12, 4], "inflate": 0.02, "uv": [40, 16], "mirror": true}
					]
				},
				{
					"name": "rightArm",
					"pivot": [-5, 22, 0],
					"cubes": [
						{"origin": [-7, 12, -2], "size": [3, 12, 4], "inflate": 0.02, "uv": [40, 16]}
					]
				}
			]
		}
	]
}