{
	"format_version": "1.12.0",
	"minecraft:geometry": [
		{
			"description": {
				"identifier": "geometry.poweru",
				"texture_width": 256,
				"texture_height": 256,
				"visible_bounds_width": 6,
				"visible_bounds_height": 6,
				"visible_bounds_offset": [0, 1, 0]
			},
			"bones": [
				{
					"name": "body",
					"pivot": [0, 1, 0],
					"cubes": [
						{"origin": [-7, -7, -63], "size": [15, 15, 71], "inflate": -7, "pivot": [0, 0, 0], "rotation": [-60, 0, 0], "uv": [0, 0]}
					]
				}
			]
		}
	]
}