{
	"format_version": "1.10.0",
	"geometry.shield": {
		"texturewidth": 64,
		"textureheight": 64,
		"visible_bounds_width": 2,
		"visible_bounds_height": 2,
		"visible_bounds_offset": [0, 1, 0],
		"bones": [
			{
				"name": "shield",
				"pivot": [1, 15.5, 3],
				"cubes": [
					{"origin": [-1, 25, 0], "size": [1, 6, 6], "uv": [22, 23]},
					{"origin": [4, 20, -1], "size": [2, 16, 1], "uv": [14, 29]},
					{"origin": [6, 21, -1], "size": [1, 14, 1], "uv": [20, 35]},
					{"origin": [7, 22, -1], "size": [1, 12, 1], "uv": [38, 0]},
					{"origin": [8, 23, -1], "size": [1, 10, 1], "uv": [43, 22]},
					{"origin": [9, 25, -1], "size": [1, 6, 1], "uv": [12, 46]},
					{"origin": [-2, 19, -1], "size": [6, 18, 1], "uv": [0, 0]},
					{"origin": [-4, 20, -1], "size": [2, 16, 1], "uv": [28, 0]},
					{"origin": [-5, 21, -1], "size": [1, 14, 1], "uv": [34, 0]},
					{"origin": [-6, 22, -1], "size": [1, 12, 1], "uv": [36, 36]},
					{"origin": [-7, 23, -1], "size": [1, 10, 1], "uv": [42, 0]},
					{"origin": [-8, 25, -1], "size": [1, 6, 1], "uv": [8, 44]},
					{"origin": [-4, 22, -1.5], "size": [2, 12, 1], "uv": [6, 31]},
					{"origin": [-5, 23, -1.5], "size": [1, 10, 1], "uv": [32, 41]},
					{"origin": [-6, 25, -1.5], "size": [1, 6, 1], "uv": [4, 44]},
					{"origin": [-2, 21, -1.5], "size": [6, 14, 1], "uv": [14, 14]},
					{"origin": [4, 22, -1.5], "size": [2, 12, 1], "uv": [0, 31]},
					{"origin": [6, 23, -1.5], "size": [1, 10, 1], "uv": [28, 41]},
					{"origin": [7, 25, -1.5], "size": [1, 6, 1], "uv": [0, 44]},
					{"origin": [-5, 25, -2], "size": [1, 6, 1], "uv": [46, 0]},
					{"origin": [-3, 23, -2], "size": [1, 10, 1], "uv": [24, 41]},
					{"origin": [-2, 22, -2], "size": [6, 12, 1], "uv": [14, 0]},
					{"origin": [4, 24, -2], "size": [2, 8, 1], "uv": [40, 13]},
					{"origin": [6, 25, -2], "size": [1, 6, 1], "uv": [46, 46]},
					{"origin": [3, 25, 0], "size": [1, 6, 6], "uv": [0, 19]},
					{"origin": [-2, 25, -2.5], "size": [1, 6, 1], "uv": [16, 46]},
					{"origin": [-1, 24, -2.5], "size": [4, 8, 1], "uv": [30, 17]},
					{"origin": [-3, 26, -2.5], "size": [1, 4, 1], "uv": [8, 19]},
					{"origin": [3, 25, -2.5], "size": [1, 6, 1], "uv": [43, 33]},
					{"origin": [4, 26, -2.5], "size": [1, 4, 1], "uv": [0, 19]},
					{"origin": [-4, 24, -2], "size": [2, 8, 1], "uv": [40, 40]},
					{"origin": [4, 23, -2], "size": [1, 10, 1], "uv": [39, 25]}
				]
			}
		]
	}
}