{
	"format_version": "1.12.0",
	"minecraft:geometry": [
		{
			"description": {
				"identifier": "geometry.thorr",
				"texture_width": 64,
				"texture_height": 64,
				"visible_bounds_width": 3,
				"visible_bounds_height": 4.5,
				"visible_bounds_offset": [0, 0.75, 0]
			},
			"bones": [
				{
					"name": "head",
					"pivot": [0, 24, 0],
					"cubes": [
						{"origin": [-4, 24, -4], "size": [8, 8, 8], "inflate": 0.02, "uv": [0, 0]},
						{"origin": [-4, 26, -4], "size": [8, 8, 8], "inflate": 0.3, "uv": [32, 0]}
					]
				},
				{
					"name": "body",
					"pivot": [0, 24, 0],
					"cubes": [
						{"origin": [-4, 12, -2], "size": [8, 12, 4], "inflate": 0.03, "uv": [16, 16]},
						{"origin": [0, 10.4, 6.93923], "size": [4, 12, 0], "inflate": 0.4, "pivot": [0, -1, 0], "rotation": [10, 0, 0], "uv": [20, 36]},
						{"origin": [-4, 10.4, 6.93923], "size": [4, 12, 0], "inflate": 0.4, "pivot": [0, -1, 0], "rotation": [10, 0, 0], "uv": [20, 36]},
						{"origin": [0, -3.34076, 24.89494], "size": [4, 1, 0], "inflate": 0.4, "pivot": [0, -1, 0], "rotation": [90, 0, 0], "uv": [19, 41]},
						{"origin": [-4, -3.34076, 24.89494], "size": [4, 1, 0], "inflate": 0.4, "pivot": [0, -1, 0], "rotation": [90, 0, 0], "uv": [19, 41]},
						{"origin": [-4, -2.34076, 24.89494], "size": [2, 2, 0], "inflate": 0.4, "pivot": [0, -1, 0], "rotation": [90, 0, 0], "uv": [23, 40]},
						{"origin": [2, -2.34076, 24.89494], "size": [2, 2, 0], "inflate": 0.4, "pivot": [0, -1, 0], "rotation": [90, 0, 0], "uv": [22, 39]},
						{"origin": [0, 2.30541, 6.93923], "size": [4, 8, 0], "inflate": 0.4, "pivot": [0, -1, 0], "rotation": [10, 0, 0], "uv": [20, 38]},
						{"origin": [-4, 2.30541, 6.93923], "size": [4, 8, 0], "inflate": 0.4, "pivot": [0, -1, 0], "rotation": [10, 0, 0], "uv": [20, 38]}
					]
				},
				{
					"name": "rightLeg",
					"pivot": [-1.9, 12, 0],
					"cubes": [
						{"origin": [-4, 0, -2], "size": [4, 12, 4], "uv": [0, 16]}
					]
				},
				{
					"name": "leftLeg",
					"pivot": [1.9, 12, 0],
					"cubes": [
						{"origin": [0, 0, -2], "size": [4, 12, 4], "uv": [16, 48]}
					]
				},
				{
					"name": "leftArm",
					"pivot": [5, 22, 0],
					"cubes": [
						{"origin": [4, 12, -2], "size": [4, 12, 4], "inflate": 0.02, "uv": [48, 48]}
					]
				},
				{
					"name": "rightArm",
					"pivot": [-5, 22, 0],
					"cubes": [
						{"origin": [-8, 12, -2], "size": [4, 12, 4], "inflate": 0.02, "uv": [40, 32]}
					]
				}
			]
		}
	]
}