{
	"format_version": "1.10.0",
	"geometry.trident": {
		"texturewidth": 64,
		"textureheight": 64,
		"visible_bounds_width": 2,
		"visible_bounds_height": 1,
		"visible_bounds_offset": [0, 0.5, 0],
		"bones": [
			{
				"name": "pole",
				"pivot": [0, 24, 0],
				"cubes": [
					{"origin": [-0.5, 10, -0.5], "size": [1, 13, 1], "uv": [0, 25], "inflate": 0.01},
					{"origin": [-2.5, 19, -3.5], "size": [5, 5, 7], "uv": [0, 12], "inflate": 0.01},
					{"origin": [-1, 23.5, -1], "size": [2, 1, 2], "uv": [0, 0], "inflate": 0.01},
					{"origin": [-2, 19.5, -4], "size": [4, 4, 8], "uv": [0, 0], "inflate": 0.3},
					{"origin": [-1.4, 20, -4.5], "size": [2.9, 3, 0], "uv": [30, 10], "inflate": 0.5},
					{"origin": [-1.4, 20, 4.5], "size": [2.9, 3, 0], "uv": [30, 10], "inflate": 0.5}
				]
			}
		]
	}
}