{
	"format_version": "1.12.0",
	"minecraft:geometry": [
		{
			"description": {
				"identifier": "geometry.venoms",
				"texture_width": 64,
				"texture_height": 64,
				"visible_bounds_width": 3,
				"visible_bounds_height": 4.5,
				"visible_bounds_offset": [0, 0.75, 0]
			},
			"bones": [
				{
					"name": "body",
					"pivot": [0, 24, 0],
					"cubes": [
						{"origin": [-4, 21, -2], "size": [8, 5, 4], "inflate": 1.51, "pivot": [0, 1, 0], "rotation": [3, 0, 0], "uv": [16, 16]},
						{"origin": [-4, 26, -4], "size": [8, 8, 8], "inflate": -0.6, "pivot": [-2, 8, -2], "rotation": [8, 0, 0], "uv": [0, 0]},
						{"origin": [-4, 15, -3], "size": [8, 12, 4], "inflate": 0.29, "pivot": [0, 0, -1], "rotation": [-4.1, 0, 0], "uv": [16, 16]},
						{"origin": [-4, 13, 0], "size": [8, 10, 4], "inflate": 0.49, "pivot": [0, -1, 0], "rotation": [10, 0, 0], "uv": [16, 17]},
						{"origin": [-4, 21, -2], "size": [8, 5, 4], "inflate": 1.61, "pivot": [0, 1, 0], "rotation": [3, 0, 0], "uv": [16, 32]}
					]
				},
				{
					"name": "rightleg",
					"pivot": [-1.9, 12, 0],
					"cubes": [
						{"origin": [-5.3, 7.9, -5], "size": [4, 6, 4], "inflate": 0.26, "pivot": [-1, 0, -2], "rotation": [-10, 0, 5], "uv": [0, 16]},
						{"origin": [-5.3, 0, -3], "size": [4, 8, 4], "inflate": 0.26, "pivot": [-1, 0, 0], "rotation": [5, 0, 5], "uv": [0, 20]},
						{"origin": [-5.3, 8, -5], "size": [4, 6, 4], "inflate": 0.4, "pivot": [-1, 0, -3], "rotation": [-10, 0, 5], "uv": [0, 32]}
					]
				},
				{
					"name": "leftleg",
					"pivot": [1.9, 12, 0],
					"cubes": [
						{"origin": [0.3, 8, -5], "size": [4, 6, 4], "inflate": 0.26, "pivot": [1, 0, -2], "rotation": [-10, 0, 0], "uv": [16, 48]},
						{"origin": [1, 0, -3], "size": [4, 8, 4], "inflate": 0.26, "pivot": [0, 0, 0], "rotation": [5, 0, -5], "uv": [16, 52]},
						{"origin": [0.1, 8, -5], "size": [4, 6, 4], "inflate": 0.4, "pivot": [0, 0, -3], "rotation": [-10, 0, 0], "uv": [0, 48]}
					]
				},
				{
					"name": "leftarm",
					"pivot": [5, 22, 0],
					"cubes": [
						{"origin": [10, 18, -4], "size": [4, 7, 4], "inflate": 0.2, "pivot": [0, 0, -1], "rotation": [-5, 5, -10], "uv": [48, 48]},
						{"origin": [10, 18, -4], "size": [4, 7, 4], "inflate": 0.26, "pivot": [0, 0, -1], "rotation": [-5, 5, -10], "uv": [32, 48]},
						{"origin": [6.3, 10.1, -7.9], "size": [4, 10, 4], "inflate": 0.26, "pivot": [-9, -3, -4], "rotation": [-15, 5, 0], "uv": [32, 50]}
					]
				},
				{
					"name": "rightarm",
					"pivot": [-5, 23, 0],
					"cubes": [
						{"origin": [-14, 19, -3], "size": [4, 7, 4], "inflate": 0.26, "pivot": [-5, 0, 0], "rotation": [0, 0, 10], "uv": [40, 16]},
						{"origin": [-10.4, 11, -10.5], "size": [4, 10, 4], "inflate": 0.26, "pivot": [-2, -7, -8], "rotation": [-15, 0, -0.3], "uv": [40, 18]},
						{"origin": [-14, 19, -3], "size": [4, 7, 4], "inflate": 0.2, "pivot": [-5, 1, 0], "rotation": [0, 0, 10], "uv": [40, 32]}
					]
				}
			]
		}
	]
}