{
	"format_version": "1.12.0",
	"minecraft:geometry": [
		{
			"description": {
				"identifier": "geometry.wolverineu",
				"texture_width": 64,
				"texture_height": 64,
				"visible_bounds_width": 3,
				"visible_bounds_height": 4.5,
				"visible_bounds_offset": [0, 0.75, 0]
			},
			"bones": [
				{
					"name": "leftarm",
					"pivot": [5, 22, 0],
					"cubes": [
						{"origin": [4, 12, -2], "size": [4, 12, 4], "inflate": 0.02, "uv": [32, 48]},
						{"origin": [7.7, 9, -1.5], "size": [0.5, 6, 0.6], "uv": [5, 53]},
						{"origin": [7.7, 9, -0.3], "size": [0.5, 6, 0.6], "uv": [5, 53]},
						{"origin": [7.7, 9, 1], "size": [0.5, 6, 0.6], "uv": [5, 53]}
					]
				},
				{
					"name": "rightarm",
					"pivot": [-5, 22, 0],
					"cubes": [
						{"origin": [-8, 12, -2], "size": [4, 12, 4], "inflate": 0.02, "uv": [40, 16]},
						{"origin": [-8.3, 9, -1.5], "size": [0.5, 6, 0.6], "uv": [5, 53]},
						{"origin": [-8.3, 9, -0.3], "size": [0.5, 6, 0.6], "uv": [5, 53]},
						{"origin": [-8.3, 9, 1], "size": [0.5, 6, 0.6], "uv": [5, 53]}
					]
				}
			]
		}
	]
}