{
    "format_version": "1.8.0",
    "render_controllers": {
		"controller.render.cameraa": {
            "geometry": "Geometry.cameraa",
            "materials": [{
                    "*": "Material.default"
                }
            ],
            "textures": ["Texture.cameraa"],
            "part_visibility": [{
                    "*": "query.get_equipped_item_name=='cameraa'"
                }
            ]
        },
		"controller.render.cameraa.third_person": {
            "geometry": "Geometry.cameraa",
            "materials": [{
                    "*": "Material.default"
                }
            ],
            "textures": ["Texture.cameraa"],
            "part_visibility": [{
                    "*": "query.get_equipped_item_name=='cameraa'"
                }
            ]
        },
        "controller.render.cameraa.first_person": {
            "geometry": "Geometry.cameraa",
            "materials": [{
                    "*": "Material.default"
                }
            ],
            "textures": ["Texture.cameraa"],
            "part_visibility": [{
                    "*": "query.get_equipped_item_name=='cameraa'"
                }
            ]
        }
    }
}