{
  "format_version": "1.8.0",
  "render_controllers": {
    "controller.render.player.miles.first_person": {
      "geometry": "Geometry.miles",
      "materials": [ { "*": "Material.default" } ],
      "textures": [ "Texture.miles" ],
      "part_visibility": [
        { "*": false },
        { "rightArm": "query.variant == 2 && query.get_equipped_item_name(0, 1) == '' || query.get_equipped_item_name(0, 1) == 'map'" },
        { "rightSleeve": false },
        { "leftArm": "query.variant == 2 && (query.get_equipped_item_name(0, 1) == 'map' && query.get_equipped_item_name('off_hand') != 'shield') || (query.get_equipped_item_name('off_hand') == 'map' && !query.item_is_charged) || (!query.item_is_charged && (variable.item_use_normalized > 0 && variable.item_use_normalized < 1.0))" },
        { "leftSleeve": false },
        { "head": false },
        { "hat": false },
        { "body": false },
        { "jacket": false },
        { "rightLeg": false },
        { "leftLeg": false },
        { "rightPants": false },
        { "leftPants": false }
      ]
    },
    "controller.render.player.miles.third_person": {
      "geometry": "Geometry.default",
      "materials": [ { "*": "Material.default" } ],
      "textures": [ "Texture.default" ],
      "part_visibility": [
        { "*": false },
        { "head": "query.variant <= 0" },
        { "hat": "query.variant <= 0" },
        { "body": "query.variant <= 0" },
        { "jacket": "query.variant <= 0" },
        { "rightArm": "query.variant <= 0" },
        { "leftArm": "query.variant <= 0" },
        { "rightSleeve": "query.variant <= 0" },
        { "leftSleeve": "query.variant <= 0" },
        { "rightLeg": "query.variant <= 0" },
        { "leftLeg": "query.variant <= 0" },
        { "rightPants": "query.variant <= 0" },
        { "leftPants": "query.variant <= 0" }
      ]
    }
  }
}
