{
  "format_version": "1.8.0",
  "render_controllers": {
		"controller.render.npc_v": {
			"arrays": {
				"textures": {
					"Array.skins": [ 
						"Texture.sp0",
						"Texture.sp1",
						"Texture.sp2",
						"Texture.sp3",
						"Texture.sp4",
						"Texture.sp5",
						"Texture.sp6",
						"Texture.sp7",
						"Texture.sp8",
						"Texture.sp9"
					]
				},
				"geometries":{
				"array.geos":[
				"geometry.sp0",
				"geometry.sp1",
				"geometry.sp2",
				"geometry.sp3",
				"geometry.sp4",
				"geometry.sp5",
				"geometry.sp6",
				"geometry.sp7",
				"geometry.sp8",
				"geometry.sp9"

				]		
				}
		},
			"geometry": "Array.geos[query.variant]",
			"materials": [ { "*": "Material.default" } ],
			"textures": [ "Array.skins[query.variant]" ]
		}
	}
}
